Air Temperature,Price,Cost,Profit,Sales Promotion,House Sales Volume,Search Volume on E-commerce,Changes in Brand Reputation,Number of Advertisements,Region,Sales Volume
27.5,2185.0,1217.0,968.0,Yes,1050,7.41,0.48,0.93,South,389.0
39.0,2542.0,1434.0,1108.0,Yes,1040,11.2,1.41,1.53,North,290.0
34.6,2873.0,1662.0,1211.0,No,1016,36.769999999999996,1.58,0.71,West,185.0
32.0,2732.0,1608.0,1124.0,No,1072,5.569999999999999,0.68,0.08,North,185.0
23.1,2807.0,1680.0,1127.0,Yes,1007,8.5,5.9399999999999995,0.19,South,322.0
23.1,2659.0,1505.0,1154.0,No,1003,2.5,3.71,0.81,West,136.0
21.2,2692.0,1640.0,1052.0,Yes,992,3.11,2.57,2.3099999999999996,West,206.0
37.3,2849.0,1646.0,1203.0,Yes,1019,8.16,0.17,1.1300000000000001,West,263.0
32.0,2250.0,1299.0,951.0,No,981,22.3,0.23,0.19,South,339.0
34.2,2489.0,1406.0,1083.0,No,1028,5.7299999999999995,1.37,0.36,East,310.0
20.4,2221.0,1161.0,1060.0,Yes,1024,5.85,0.36,1.31,West,231.0
39.4,2988.0,1787.0,1201.0,Yes,1034,4.93,7.67,1.51,South,394.0
36.6,2944.0,1753.0,1191.0,No,989,4.34,0.36,0.98,North,188.0
24.2,2039.0,1159.0,880.0,Yes,1029,9.93,1.35,1.03,North,247.0
23.6,2706.0,1577.0,1129.0,No,1010,1.66,0.92,0.09999999999999999,South,272.0
23.7,2925.0,1731.0,1194.0,Yes,1040,26.610000000000003,2.05,1.47,East,288.0
26.1,2181.0,1180.0,1001.0,No,1058,3.8099999999999996,0.29000000000000004,1.35,South,322.0
30.5,2568.0,1464.0,1104.0,Yes,1040,15.22,1.14,0.46,North,246.0
28.6,2915.0,1739.0,1176.0,Yes,1016,2.09,0.65,1.16,North,216.0
25.8,2034.0,1108.0,926.0,No,1056,14.43,4.38,0.4,West,199.0
32.2,2697.0,1583.0,1114.0,Yes,1032,14.48,0.09,0.13,East,346.0
22.8,2297.0,1260.0,1037.0,Yes,996,10.86,4.91,0.38,South,353.0
25.8,2924.0,1728.0,1196.0,No,1034,2.7399999999999998,3.59,0.35000000000000003,North,143.0
27.3,2971.0,1731.0,1240.0,Yes,1028,9.49,0.72,0.56,North,202.0
29.1,2944.0,1636.0,1308.0,Yes,991,2.2699999999999996,3.1199999999999997,0.67,North,213.0
35.7,2474.0,1493.0,981.0,Yes,1006,5.75,0.06999999999999999,0.81,South,405.0
24.0,2862.0,1630.0,1232.0,No,1019,20.700000000000003,6.819999999999999,0.76,South,261.0
30.3,2845.0,1616.0,1229.0,No,953,16.400000000000002,1.51,0.47000000000000003,East,270.0
31.8,2319.0,1351.0,968.0,No,1043,7.51,0.73,0.11,West,203.0
20.9,2829.0,1705.0,1124.0,Yes,998,2.8,0.91,0.96,West,186.0
32.2,2037.0,1121.0,916.0,Yes,1001,14.1,0.15000000000000002,0.64,West,288.0
23.4,2596.0,1511.0,1085.0,Yes,1012,7.54,9.09,0.51,North,209.0
21.3,2230.0,1309.0,921.0,Yes,1058,0.74,0.09,1.61,West,227.0
39.0,2121.0,1257.0,864.0,No,1011,16.17,2.1399999999999997,1.25,North,255.0
39.3,2077.0,1205.0,872.0,Yes,1056,7.22,1.18,1.57,East,424.0
36.2,2696.0,1549.0,1147.0,Yes,996,24.6,5.96,0.79,North,264.0
26.1,2340.0,1313.0,1027.0,Yes,1022,2.48,0.5700000000000001,0.28,East,344.0
22.0,2725.0,1589.0,1136.0,No,1061,0.32,1.53,1.1300000000000001,East,235.0
33.7,2065.0,1135.0,930.0,Yes,1014,9.78,1.33,0.39,West,292.0
28.8,2315.0,1193.0,1122.0,Yes,1059,9.9,2.44,0.71,West,257.0
22.4,2539.0,1495.0,1044.0,Yes,1021,1.37,0.15000000000000002,0.18000000000000002,North,211.0
29.9,2791.0,1670.0,1121.0,Yes,1086,2.7899999999999996,0.44,1.46,South,361.0
20.7,2319.0,1223.0,1096.0,Yes,1086,116.2,0.49,0.27,West,226.0
38.2,2626.0,1475.0,1151.0,No,1028,5.45,2.69,1.77,West,221.0
25.2,2886.0,1713.0,1173.0,Yes,1023,15.36,0.43,1.6,South,331.0
33.3,2616.0,1622.0,994.0,Yes,989,3.86,1.71,0.74,South,385.0
26.2,2233.0,1291.0,942.0,Yes,1045,0.92,0.49,1.24,West,247.0
30.4,2024.0,1128.0,896.0,Yes,1017,6.24,3.9699999999999998,0.99,South,403.0
30.9,2870.0,1663.0,1207.0,Yes,1035,5.68,5.71,1.39,North,228.0
23.7,2021.0,1231.0,790.0,Yes,1040,4.96,1.47,0.6900000000000001,East,341.0
39.4,2875.0,1643.0,1232.0,Yes,1011,6.6,0.88,1.34,East,369.0
35.5,2529.0,1427.0,1102.0,Yes,1016,9.629999999999999,0.54,0.74,West,274.0
38.8,2939.0,1689.0,1250.0,Yes,1057,6.37,0.11,2.01,West,266.0
37.9,2799.0,1582.0,1217.0,Yes,1013,2.0999999999999996,0.64,0.77,North,275.0
32.0,2998.0,1755.0,1243.0,No,978,12.03,2.13,0.74,South,294.0
38.4,2351.0,1442.0,909.0,No,1017,1.06,1.54,1.34,West,237.0
21.8,2767.0,1626.0,1141.0,No,1040,0.96,5.779999999999999,1.45,East,236.0
23.9,2402.0,1379.0,1023.0,No,1015,15.48,1.02,0.88,North,159.0
20.9,2480.0,1423.0,1057.0,Yes,988,12.28,2.38,0.35000000000000003,North,210.0
26.5,2628.0,1449.0,1179.0,No,944,6.99,1.35,0.75,South,290.0
27.8,2874.0,1719.0,1155.0,No,990,1.84,1.45,2.2899999999999996,West,151.0
25.4,2984.0,1737.0,1247.0,Yes,1030,3.65,0.63,1.26,West,192.0
36.6,2768.0,1602.0,1166.0,No,1025,5.6899999999999995,1.22,1.42,North,200.0
27.1,2418.0,1560.0,858.0,No,1106,1.51,1.28,0.11,East,280.0
25.6,2421.0,1418.0,1003.0,Yes,1070,3.5399999999999996,2.46,0.75,West,232.0
30.9,2738.0,1555.0,1183.0,Yes,1079,14.2,5.66,1.04,East,343.0
22.8,2239.0,1272.0,967.0,Yes,1037,30.8,0.81,1.47,North,224.0
36.0,2110.0,1273.0,837.0,No,1050,4.87,0.09999999999999999,0.15000000000000002,West,240.0
21.5,2355.0,1369.0,986.0,No,1042,15.75,1.3800000000000001,1.55,East,262.0
39.7,2287.0,1250.0,1037.0,Yes,1047,1.1,1.58,0.87,North,303.0
35.4,2296.0,1374.0,922.0,Yes,986,14.299999999999999,0.38,0.37,East,381.0
24.0,2234.0,1257.0,977.0,No,1029,3.32,2.8699999999999997,0.54,West,170.0
20.1,2042.0,1269.0,773.0,Yes,1019,10.06,8.4,0.49,South,366.0
36.3,2018.0,1215.0,803.0,No,1078,5.779999999999999,5.84,0.84,East,350.0
34.1,2988.0,1720.0,1268.0,Yes,1062,27.680000000000003,0.45,0.15000000000000002,South,369.0
34.6,2428.0,1471.0,957.0,Yes,1026,3.09,4.17,0.32,West,272.0
35.4,2384.0,1384.0,1000.0,No,1032,13.85,2.4499999999999997,1.42,South,352.0
21.5,2680.0,1601.0,1079.0,Yes,941,5.6,1.22,0.28,North,201.0
27.2,2218.0,1305.0,913.0,Yes,1047,6.319999999999999,1.57,0.42,South,385.0
22.3,2950.0,1678.0,1272.0,Yes,1041,6.16,3.8,0.72,East,279.0
37.3,2786.0,1589.0,1197.0,No,1095,3.1799999999999997,1.32,0.8200000000000001,East,311.0
32.5,2089.0,1255.0,834.0,Yes,1053,7.3,0.9400000000000001,1.29,South,415.0
26.6,2418.0,1384.0,1034.0,Yes,1034,6.95,1.37,0.72,North,235.0
21.3,2879.0,1657.0,1222.0,Yes,1043,9.41,1.74,1.36,West,189.0
26.2,2945.0,1669.0,1276.0,Yes,1089,8.049999999999999,0.43,0.99,South,335.0
26.5,2467.0,1451.0,1016.0,Yes,1036,16.42,4.63,0.25,East,332.0
34.6,2613.0,1621.0,992.0,Yes,1007,18.62,2.25,0.32,East,360.0
32.8,2167.0,1197.0,970.0,No,1017,2.59,2.0199999999999996,0.7,South,347.0
37.7,2991.0,1746.0,1245.0,No,990,17.630000000000003,0.22,0.64,South,322.0
29.4,2232.0,1360.0,872.0,Yes,1050,2.2699999999999996,1.86,1.24,South,391.0
22.4,2943.0,1712.0,1231.0,No,971,13.31,0.27,0.92,West,123.0
34.3,2650.0,1563.0,1087.0,No,976,13.74,0.17,0.63,East,298.0
35.2,2608.0,1462.0,1146.0,Yes,1040,1.1,1.51,0.34,East,365.0
31.2,2513.0,1479.0,1034.0,No,989,8.12,1.04,0.41000000000000003,East,290.0
35.4,2231.0,1279.0,952.0,No,998,4.64,1.79,0.91,West,231.0
29.9,2177.0,1305.0,872.0,No,1083,3.4699999999999998,0.2,0.68,North,212.0
30.5,2220.0,1341.0,879.0,No,953,28.540000000000003,1.14,0.8200000000000001,East,301.0
28.6,2186.0,1391.0,795.0,No,1032,3.8499999999999996,0.39,0.34,East,298.0
20.5,2780.0,1647.0,1133.0,No,1007,3.3099999999999996,8.709999999999999,1.07,North,134.0
22.2,2350.0,1376.0,974.0,No,1033,7.9799999999999995,1.66,1.55,West,157.0
20.6,2058.0,1195.0,863.0,No,1003,14.68,2.34,0.46,North,176.0
32.7,2969.0,1714.0,1255.0,Yes,1003,6.42,0.8,0.78,North,232.0
26.3,2884.0,1697.0,1187.0,Yes,1013,23.73,0.21000000000000002,2.4099999999999997,North,206.0
30.2,2928.0,1692.0,1236.0,No,953,12.58,7.46,0.56,North,156.0
38.2,2995.0,1755.0,1240.0,No,1060,0.85,0.68,0.9400000000000001,West,200.0
25.0,2174.0,1320.0,854.0,Yes,997,4.359999999999999,1.11,0.22,West,237.0
28.2,2396.0,1337.0,1059.0,No,975,4.22,2.11,0.96,North,182.0
35.1,2758.0,1662.0,1096.0,No,1010,11.94,0.060000000000000005,0.22,South,325.0
24.6,2696.0,1633.0,1063.0,Yes,971,0.55,3.3299999999999996,2.1799999999999997,South,333.0
21.5,2154.0,1236.0,918.0,Yes,1050,94.55000000000001,1.55,1.18,South,363.0
25.8,2816.0,1534.0,1282.0,Yes,1024,12.58,0.66,1.35,South,336.0
23.2,2224.0,1254.0,970.0,No,1009,8.59,0.14,1.15,East,267.0
38.6,2224.0,1349.0,875.0,No,1028,24.09,0.36,0.9400000000000001,West,248.0
36.2,2537.0,1471.0,1066.0,Yes,1031,77.0,4.52,0.72,West,274.0
32.7,2593.0,1456.0,1137.0,Yes,1051,17.66,2.3299999999999996,1.57,North,261.0
37.4,2580.0,1473.0,1107.0,No,987,19.09,0.59,2.1599999999999997,East,321.0
36.1,2091.0,1247.0,844.0,Yes,1012,8.43,0.15000000000000002,0.79,North,298.0
23.7,2877.0,1704.0,1173.0,No,1042,6.42,2.36,1.94,North,133.0
37.9,2266.0,1298.0,968.0,No,1044,4.6,1.71,0.93,West,239.0
30.8,2130.0,1210.0,920.0,Yes,1038,3.2399999999999998,1.05,0.85,East,372.0
36.1,2889.0,1664.0,1225.0,Yes,1070,3.73,0.91,0.73,South,392.0
37.9,2956.0,1677.0,1279.0,No,1006,1.92,0.5,0.39,West,196.0
26.4,2862.0,1748.0,1114.0,Yes,1017,6.859999999999999,2.2199999999999998,0.03,East,307.0
22.2,2810.0,1620.0,1190.0,Yes,1041,1.3800000000000001,7.069999999999999,0.43,East,295.0
24.6,2655.0,1604.0,1051.0,Yes,1041,8.95,0.4,0.81,West,208.0
28.5,2551.0,1557.0,994.0,Yes,1015,7.14,1.83,0.62,West,232.0
36.4,2087.0,1252.0,835.0,No,1048,8.57,1.11,0.72,North,241.0
37.2,2408.0,1373.0,1035.0,No,1041,4.39,1.19,2.51,North,226.0
20.1,2373.0,1394.0,979.0,No,1040,160.28,0.6,0.58,North,152.0
30.2,2260.0,1305.0,955.0,No,1066,28.8,3.5,0.72,South,336.0
28.3,2723.0,1539.0,1184.0,Yes,1022,2.1399999999999997,1.34,0.28,West,230.0
24.4,2496.0,1464.0,1032.0,Yes,1017,9.34,1.58,0.14,East,318.0
22.4,2081.0,1140.0,941.0,No,1009,4.029999999999999,0.74,1.32,West,171.0
26.8,2220.0,1341.0,879.0,No,1063,2.69,0.41000000000000003,0.9,East,287.0
38.9,2683.0,1537.0,1146.0,Yes,1087,1.94,0.19,1.28,South,412.0
26.5,2076.0,1206.0,870.0,No,1059,11.39,2.51,0.31,West,193.0
30.4,2851.0,1675.0,1176.0,No,1053,3.75,0.45,0.91,East,271.0
34.1,2495.0,1434.0,1061.0,Yes,1058,19.46,2.3499999999999996,0.45,East,371.0
27.3,2481.0,1468.0,1013.0,No,1005,19.970000000000002,1.0,0.42,North,169.0
39.4,2592.0,1481.0,1111.0,Yes,1051,29.200000000000003,1.08,0.060000000000000005,South,421.0
39.2,2825.0,1689.0,1136.0,Yes,1066,3.1599999999999997,1.28,0.28,West,280.0
25.0,2348.0,1292.0,1056.0,No,1041,11.9,0.93,0.53,North,177.0
29.9,2678.0,1563.0,1115.0,Yes,1008,13.92,0.22,0.26,South,373.0
26.0,2566.0,1587.0,979.0,No,1034,4.609999999999999,0.75,2.6399999999999997,North,160.0
25.7,2267.0,1260.0,1007.0,Yes,1042,3.4299999999999997,2.19,0.52,West,248.0
20.7,2879.0,1644.0,1235.0,No,1018,36.96,2.1999999999999997,0.28,East,228.0
32.2,2797.0,1654.0,1143.0,No,1052,9.29,0.68,0.38,West,179.0
30.1,2658.0,1554.0,1104.0,No,1043,13.97,1.24,0.93,South,309.0
21.0,2851.0,1678.0,1173.0,Yes,1037,3.26,0.44,0.17,West,189.0
25.6,2867.0,1695.0,1172.0,Yes,997,2.19,0.48,1.59,South,332.0
38.2,2708.0,1607.0,1101.0,No,984,4.1899999999999995,0.060000000000000005,2.21,North,208.0
24.8,2837.0,1708.0,1129.0,Yes,1063,6.54,4.55,0.44,South,331.0
22.9,2697.0,1589.0,1108.0,No,1048,2.5599999999999996,0.48,0.72,East,245.0
29.8,2680.0,1546.0,1134.0,No,1023,7.33,0.53,0.09,East,274.0
39.7,2619.0,1555.0,1064.0,Yes,1009,1.3800000000000001,0.67,1.03,East,387.0
24.8,2753.0,1697.0,1056.0,No,1001,2.42,0.28,0.67,North,145.0
33.4,2159.0,1239.0,920.0,Yes,1037,14.459999999999999,2.05,0.47000000000000003,South,418.0
35.2,2881.0,1630.0,1251.0,No,1029,13.52,0.17,0.39,North,185.0
24.8,2872.0,1729.0,1143.0,Yes,1005,5.0,0.3,1.05,West,198.0
34.6,2029.0,1161.0,868.0,No,1116,2.6799999999999997,2.0799999999999996,0.67,West,242.0
27.4,2826.0,1537.0,1289.0,No,1071,2.65,0.84,0.35000000000000003,West,157.0
32.6,2129.0,1270.0,859.0,Yes,1031,5.1,2.4699999999999998,1.12,West,285.0
32.7,2335.0,1324.0,1011.0,No,965,14.09,1.64,0.9,East,302.0
30.7,2744.0,1592.0,1152.0,No,1034,18.700000000000003,0.6,1.57,South,303.0
21.8,2161.0,1263.0,898.0,Yes,1079,4.51,2.11,0.26,East,329.0
36.7,2818.0,1650.0,1168.0,No,986,2.34,0.26,1.34,South,327.0
26.4,2832.0,1685.0,1147.0,Yes,1005,9.67,1.55,1.09,South,341.0
23.7,2507.0,1432.0,1075.0,No,1044,3.25,1.16,0.26,North,155.0
20.8,2006.0,1179.0,827.0,Yes,1054,4.41,0.63,1.1300000000000001,West,239.0
31.8,2287.0,1309.0,978.0,No,1042,27.82,1.86,0.71,South,338.0
33.6,2617.0,1557.0,1060.0,No,1005,16.91,4.109999999999999,2.0399999999999996,West,192.0
20.3,2981.0,1769.0,1212.0,No,1003,8.66,13.64,0.3,West,118.0
30.2,2632.0,1482.0,1150.0,Yes,1040,2.0799999999999996,1.8800000000000001,1.03,West,241.0
24.5,2260.0,1360.0,900.0,Yes,1033,9.14,1.05,0.62,East,330.0
32.9,2634.0,1504.0,1130.0,Yes,1047,21.39,0.52,2.1599999999999997,West,257.0
23.5,2540.0,1514.0,1026.0,Yes,1040,5.09,0.6,0.55,South,342.0
33.8,2780.0,1636.0,1144.0,No,1010,28.540000000000003,1.32,2.2199999999999998,East,288.0
27.7,2107.0,1306.0,801.0,No,975,26.930000000000003,0.93,1.76,West,195.0
38.7,2761.0,1595.0,1166.0,Yes,1079,39.019999999999996,4.91,0.47000000000000003,North,280.0
22.8,2541.0,1457.0,1084.0,Yes,977,10.04,0.93,1.39,West,208.0
26.8,2963.0,1727.0,1236.0,Yes,1047,13.31,0.95,3.0999999999999996,West,205.0
22.3,2342.0,1340.0,1002.0,No,981,30.400000000000002,0.98,0.45,East,260.0
38.5,2633.0,1570.0,1063.0,Yes,1045,11.57,3.63,0.7,South,411.0
37.5,2932.0,1628.0,1304.0,Yes,1001,4.49,2.11,0.8200000000000001,West,258.0
25.2,2103.0,1159.0,944.0,No,1029,4.7299999999999995,1.91,0.51,East,285.0
33.2,2937.0,1659.0,1278.0,No,1105,9.39,0.8200000000000001,0.06999999999999999,East,281.0
36.3,2688.0,1610.0,1078.0,Yes,1026,2.0399999999999996,3.42,0.41000000000000003,South,395.0
31.1,2068.0,1276.0,792.0,No,1029,6.41,0.09,0.49,East,316.0
30.6,2301.0,1325.0,976.0,Yes,1035,22.130000000000003,4.1,0.71,South,390.0
24.8,2708.0,1566.0,1142.0,No,999,0.84,1.45,0.34,North,147.0
21.9,2067.0,1194.0,873.0,Yes,1007,34.29,1.03,1.6300000000000001,West,240.0
37.9,2582.0,1557.0,1025.0,Yes,1020,22.71,1.3800000000000001,1.15,East,384.0
38.0,2346.0,1311.0,1035.0,Yes,1032,4.68,2.21,0.21000000000000002,North,292.0
32.7,2621.0,1535.0,1086.0,Yes,1009,12.73,0.04,1.04,East,355.0
26.8,2046.0,1226.0,820.0,No,1016,7.42,4.109999999999999,1.05,East,296.0
27.0,2872.0,1698.0,1174.0,No,1042,25.290000000000003,1.19,2.15,North,152.0
34.5,2973.0,1743.0,1230.0,No,984,19.75,0.85,0.03,East,275.0
37.9,2969.0,1781.0,1188.0,No,983,1.83,0.31,0.44,East,295.0
37.7,2750.0,1465.0,1285.0,Yes,1043,13.299999999999999,1.17,1.91,North,272.0
35.6,2130.0,1262.0,868.0,Yes,1050,6.029999999999999,1.3800000000000001,1.94,East,393.0
32.8,2758.0,1572.0,1186.0,No,1025,8.04,1.04,1.19,South,317.0
21.7,2025.0,1073.0,952.0,No,1036,3.5799999999999996,2.28,1.29,East,285.0
23.2,2022.0,1189.0,833.0,No,1020,42.449999999999996,1.1,0.22,West,180.0
38.0,2324.0,1413.0,911.0,No,1063,20.92,6.52,0.81,East,343.0
32.1,2489.0,1437.0,1052.0,No,978,3.5399999999999996,1.84,0.42,West,194.0
20.2,2770.0,1660.0,1110.0,Yes,1033,1.96,3.3099999999999996,0.35000000000000003,West,198.0
22.0,2683.0,1640.0,1043.0,Yes,972,5.029999999999999,0.24000000000000002,1.41,East,291.0
33.3,2446.0,1483.0,963.0,Yes,978,11.42,1.02,0.29000000000000004,North,270.0
20.1,2274.0,1396.0,878.0,No,1029,9.41,0.83,0.75,South,300.0
23.2,2997.0,1785.0,1212.0,No,1038,25.880000000000003,1.7,1.99,South,252.0
31.0,2426.0,1409.0,1017.0,No,944,16.290000000000003,3.96,0.36,East,285.0
33.8,2451.0,1341.0,1110.0,No,1043,19.490000000000002,0.17,2.4499999999999997,North,210.0
33.0,2164.0,1236.0,928.0,Yes,1007,10.26,0.16,3.0,North,276.0
24.5,2795.0,1585.0,1210.0,Yes,1073,1.85,3.8099999999999996,0.88,South,335.0
34.2,2694.0,1675.0,1019.0,No,1033,6.09,0.49,0.34,North,197.0
24.7,2221.0,1274.0,947.0,Yes,1012,21.34,2.2199999999999998,0.53,East,333.0
26.5,2082.0,1205.0,877.0,Yes,1022,7.029999999999999,1.58,0.68,East,357.0
34.9,2680.0,1586.0,1094.0,No,1044,12.23,3.59,0.53,North,203.0
33.0,2655.0,1545.0,1110.0,No,1012,5.38,0.28,0.49,East,294.0
37.0,2273.0,1399.0,874.0,No,958,2.65,0.29000000000000004,2.3499999999999996,West,231.0
33.2,2951.0,1689.0,1262.0,No,1044,6.54,1.64,0.31,South,302.0
31.4,2151.0,1250.0,901.0,No,1041,10.07,5.859999999999999,1.21,East,318.0
21.9,2432.0,1372.0,1060.0,No,1050,3.8499999999999996,1.08,0.02,North,156.0
27.4,2944.0,1650.0,1294.0,Yes,1017,5.85,0.8,0.95,South,332.0
25.3,2420.0,1371.0,1049.0,Yes,1001,2.9,1.8800000000000001,1.84,East,330.0
24.9,2639.0,1532.0,1107.0,No,1033,22.64,5.34,0.5,South,289.0
39.5,2398.0,1367.0,1031.0,Yes,1014,5.51,3.6399999999999997,0.36,North,299.0
27.9,2274.0,1280.0,994.0,No,1010,31.6,10.81,1.05,West,195.0
37.8,2984.0,1670.0,1314.0,No,989,34.089999999999996,0.060000000000000005,1.17,West,194.0
32.6,2409.0,1391.0,1018.0,No,1011,6.819999999999999,0.25,1.12,East,303.0
35.9,2894.0,1611.0,1283.0,No,980,2.71,1.89,0.54,West,187.0
30.1,2230.0,1326.0,904.0,Yes,1017,0.93,3.4499999999999997,0.45,East,367.0
31.5,2213.0,1282.0,931.0,No,1040,1.71,0.68,2.15,South,339.0
29.9,2031.0,1096.0,935.0,Yes,1039,1.8800000000000001,0.56,1.89,East,377.0
23.9,2652.0,1526.0,1126.0,No,1039,29.34,3.0999999999999996,0.73,East,246.0
34.4,2369.0,1334.0,1035.0,No,987,8.31,0.13,1.53,East,312.0
25.6,2864.0,1684.0,1180.0,No,1034,10.92,0.93,0.72,West,146.0
20.5,2473.0,1501.0,972.0,Yes,1016,0.81,1.42,0.68,East,311.0
32.9,2968.0,1637.0,1331.0,No,983,2.2399999999999998,1.65,0.32,North,169.0
23.5,2186.0,1267.0,919.0,No,989,17.950000000000003,2.6199999999999997,0.6900000000000001,East,274.0
38.8,2869.0,1663.0,1206.0,No,996,9.85,0.89,0.85,South,341.0
39.1,2777.0,1650.0,1127.0,Yes,1030,6.39,1.91,0.09,North,277.0
38.3,2771.0,1623.0,1148.0,Yes,1067,13.01,1.77,0.71,South,402.0
27.4,2845.0,1619.0,1226.0,Yes,1011,37.94,1.6,1.33,South,340.0
20.3,2761.0,1591.0,1170.0,No,1029,5.93,2.0599999999999996,1.1,South,267.0
38.6,2626.0,1486.0,1140.0,Yes,1031,7.93,0.61,1.02,North,283.0
28.6,2131.0,1282.0,849.0,No,1015,8.97,0.19,1.8,North,198.0
39.3,2033.0,1171.0,862.0,Yes,986,80.82000000000001,0.26,0.08,West,321.0
39.3,2921.0,1798.0,1123.0,Yes,1019,0.92,0.52,0.88,North,267.0
37.1,2617.0,1517.0,1100.0,No,970,14.64,1.4,1.35,East,306.0
25.9,2797.0,1593.0,1204.0,Yes,1050,6.6,3.6799999999999997,0.86,South,336.0
27.7,2482.0,1364.0,1118.0,No,1059,13.03,2.4299999999999997,0.55,West,176.0
37.0,2117.0,1130.0,987.0,No,1023,3.84,3.1199999999999997,0.29000000000000004,North,244.0
26.3,2125.0,1146.0,979.0,Yes,1059,7.05,0.87,1.69,South,388.0
23.4,2686.0,1575.0,1111.0,No,982,15.06,1.05,0.75,North,140.0
31.1,2430.0,1433.0,997.0,No,1046,166.16,1.01,1.65,West,195.0
38.7,2201.0,1192.0,1009.0,Yes,1016,16.59,0.44,0.93,North,308.0
33.9,2492.0,1490.0,1002.0,Yes,1032,3.17,0.14,1.09,North,266.0
31.4,2064.0,1164.0,900.0,No,1041,4.85,1.8,1.4,South,351.0
21.9,2582.0,1507.0,1075.0,Yes,972,4.71,9.07,1.06,East,305.0
32.3,2269.0,1392.0,877.0,No,1004,1.24,0.38,0.65,North,214.0
39.8,2798.0,1674.0,1124.0,No,1019,5.319999999999999,0.11,0.81,West,217.0
22.8,2310.0,1323.0,987.0,Yes,1014,15.39,3.03,1.39,North,227.0
30.4,2455.0,1378.0,1077.0,Yes,1034,2.0799999999999996,0.59,0.61,North,254.0
37.5,2012.0,1050.0,962.0,Yes,1014,21.09,3.55,0.63,East,410.0
34.8,2072.0,1157.0,915.0,Yes,1020,12.04,2.44,0.23,South,432.0
33.9,2392.0,1375.0,1017.0,No,1058,3.5599999999999996,5.84,1.83,West,215.0
34.0,2480.0,1389.0,1091.0,No,1033,6.42,1.06,0.22,South,335.0
27.2,2600.0,1503.0,1097.0,Yes,1055,36.55,2.1799999999999997,1.04,South,363.0
25.9,2292.0,1329.0,963.0,Yes,1059,15.4,1.26,0.67,South,376.0
36.2,2695.0,1556.0,1139.0,No,1053,7.46,2.0,0.66,North,207.0
36.2,2860.0,1633.0,1227.0,No,1017,5.84,1.2,1.1,East,294.0
37.3,2780.0,1626.0,1154.0,No,1029,7.99,0.43,0.18000000000000002,North,206.0
38.3,2040.0,1196.0,844.0,No,997,4.4399999999999995,1.43,0.9400000000000001,West,256.0
30.2,2481.0,1384.0,1097.0,Yes,1031,0.91,1.51,1.31,East,352.0
30.0,2105.0,1284.0,821.0,No,960,56.96,3.34,1.47,South,338.0
36.0,2242.0,1290.0,952.0,No,1051,8.64,2.67,0.34,East,333.0
33.0,2987.0,1743.0,1244.0,Yes,998,11.01,2.19,1.74,West,235.0
34.0,2142.0,1271.0,871.0,No,970,6.9799999999999995,0.25,1.05,North,223.0
35.9,2499.0,1461.0,1038.0,No,989,3.55,2.5599999999999996,1.67,North,217.0
37.8,2618.0,1568.0,1050.0,Yes,995,6.1499999999999995,1.4,0.77,South,405.0
26.8,2702.0,1586.0,1116.0,Yes,953,1.5,4.5,0.86,North,215.0
27.5,2560.0,1455.0,1105.0,Yes,1026,72.04,5.06,1.86,North,230.0
21.9,2010.0,1174.0,836.0,No,1014,2.1599999999999997,0.12,1.75,West,180.0
31.6,2326.0,1288.0,1038.0,No,986,2.6399999999999997,3.4499999999999997,0.72,East,301.0
20.7,2518.0,1466.0,1052.0,Yes,961,4.77,0.09,0.48,North,211.0
29.3,2088.0,1201.0,887.0,Yes,1032,26.8,0.93,0.64,West,266.0
30.9,2351.0,1350.0,1001.0,No,1068,7.51,1.57,0.63,West,200.0
25.7,2033.0,1163.0,870.0,Yes,1108,2.1599999999999997,0.33,0.5,South,394.0
31.8,2079.0,1103.0,976.0,Yes,976,25.91,2.75,0.47000000000000003,West,280.0
20.6,2397.0,1361.0,1036.0,Yes,992,15.36,0.03,1.58,South,339.0
20.7,2133.0,1234.0,899.0,No,1038,12.67,0.38,0.18000000000000002,North,173.0
36.5,2568.0,1499.0,1069.0,No,1006,15.129999999999999,1.75,1.1,South,338.0
27.2,2689.0,1512.0,1177.0,No,990,81.0,2.5199999999999996,0.34,West,156.0
22.5,2801.0,1694.0,1107.0,No,982,65.71000000000001,4.9799999999999995,0.5700000000000001,East,221.0
30.4,2200.0,1227.0,973.0,No,1000,3.73,2.4499999999999997,0.17,East,304.0
35.4,2167.0,1299.0,868.0,No,1096,37.489999999999995,2.2399999999999998,0.47000000000000003,North,234.0
24.3,2105.0,1234.0,871.0,Yes,1014,10.85,1.01,1.3,North,241.0
32.5,2636.0,1499.0,1137.0,No,968,12.18,0.01,1.68,East,282.0
21.7,2706.0,1662.0,1044.0,No,1041,1.37,0.27,0.41000000000000003,South,270.0
21.0,2032.0,1110.0,922.0,Yes,1017,6.24,1.54,0.74,North,238.0
30.6,2936.0,1758.0,1178.0,No,1017,3.2899999999999996,2.26,0.75,West,167.0
30.8,2052.0,1231.0,821.0,No,1010,16.92,1.09,1.6300000000000001,North,221.0
32.7,2541.0,1441.0,1100.0,Yes,976,21.580000000000002,2.63,1.28,South,387.0
34.5,2709.0,1645.0,1064.0,Yes,1034,0.9400000000000001,1.49,0.81,North,256.0
39.5,2871.0,1660.0,1211.0,Yes,1007,7.24,0.16,1.08,West,276.0
30.3,2714.0,1593.0,1121.0,No,999,22.700000000000003,0.44,1.53,West,169.0
26.5,2802.0,1644.0,1158.0,Yes,992,6.14,3.6799999999999997,0.060000000000000005,West,204.0
35.9,2339.0,1347.0,992.0,No,1042,15.33,2.59,0.65,South,356.0
25.4,2815.0,1680.0,1135.0,No,1023,10.51,4.51,1.79,South,281.0
28.8,2080.0,1238.0,842.0,No,967,10.41,0.26,1.23,West,201.0
21.6,2895.0,1600.0,1295.0,No,1011,5.64,9.27,0.86,West,126.0
20.5,2548.0,1544.0,1004.0,Yes,1067,2.1999999999999997,0.48,0.84,South,337.0
39.3,2817.0,1557.0,1260.0,Yes,998,2.42,0.03,0.58,South,405.0
36.7,2452.0,1473.0,979.0,No,1017,15.03,11.93,0.8200000000000001,South,355.0
33.9,2644.0,1593.0,1051.0,Yes,992,7.54,0.67,1.05,East,357.0
28.2,2526.0,1411.0,1115.0,No,1009,6.4399999999999995,2.2199999999999998,0.67,South,303.0
23.5,2732.0,1569.0,1163.0,No,1018,4.85,0.4,1.17,West,137.0
23.1,2082.0,1144.0,938.0,No,1060,5.46,1.75,1.58,East,275.0
25.0,2060.0,1175.0,885.0,Yes,1066,21.060000000000002,4.7,0.31,South,380.0
31.0,2247.0,1283.0,964.0,No,1043,5.29,0.78,0.72,West,204.0
34.3,2160.0,1285.0,875.0,No,1017,1.94,2.23,0.66,North,224.0
33.2,2872.0,1739.0,1133.0,Yes,1016,15.549999999999999,0.43,1.12,East,338.0
25.6,2219.0,1351.0,868.0,Yes,1041,6.029999999999999,1.97,0.45,West,240.0
39.1,2976.0,1707.0,1269.0,Yes,984,7.63,0.83,1.02,North,259.0
34.8,2337.0,1342.0,995.0,Yes,996,36.89,0.48,1.65,West,280.0
31.1,2182.0,1175.0,1007.0,No,1041,7.25,0.76,0.67,South,342.0
32.2,2790.0,1584.0,1206.0,Yes,1017,9.879999999999999,0.4,1.81,South,369.0
28.4,2659.0,1594.0,1065.0,No,1034,2.28,4.6499999999999995,2.9299999999999997,North,170.0
25.0,2498.0,1530.0,968.0,Yes,989,5.9399999999999995,1.02,0.24000000000000002,South,346.0
27.1,2555.0,1421.0,1134.0,Yes,1030,13.6,0.5700000000000001,0.42,West,229.0
35.2,2719.0,1552.0,1167.0,Yes,996,1.57,1.2,2.09,North,258.0
20.3,2228.0,1285.0,943.0,Yes,1053,9.04,0.78,2.17,West,225.0
22.3,2996.0,1762.0,1234.0,Yes,1002,8.18,2.7399999999999998,0.23,West,183.0
20.9,2975.0,1695.0,1280.0,Yes,1031,7.71,7.109999999999999,0.06999999999999999,West,181.0
20.8,2650.0,1561.0,1089.0,No,1048,20.860000000000003,1.16,0.32,South,274.0
37.1,2200.0,1246.0,954.0,Yes,1024,10.33,3.96,3.1399999999999997,South,433.0
34.1,2680.0,1557.0,1123.0,Yes,1002,32.41,1.68,0.35000000000000003,West,257.0
29.5,2072.0,1221.0,851.0,Yes,1034,2.75,0.35000000000000003,0.8,East,370.0
22.0,2031.0,1169.0,862.0,Yes,1005,8.47,2.36,1.54,West,237.0
29.8,2258.0,1283.0,975.0,No,1025,8.049999999999999,1.45,0.09,West,203.0
29.5,2463.0,1422.0,1041.0,Yes,1048,2.55,2.11,0.96,North,249.0
23.5,2868.0,1666.0,1202.0,Yes,1033,19.240000000000002,4.42,0.48,West,190.0
28.7,2727.0,1568.0,1159.0,Yes,991,75.55000000000001,1.17,1.59,South,352.0
28.0,2743.0,1583.0,1160.0,Yes,974,7.27,4.64,0.49,North,212.0
32.3,2425.0,1485.0,940.0,No,1030,12.25,2.7899999999999996,1.11,East,303.0
32.7,2346.0,1386.0,960.0,Yes,1027,8.049999999999999,1.35,1.09,North,269.0
20.9,2371.0,1358.0,1013.0,No,994,3.63,1.86,0.41000000000000003,East,261.0
27.5,2988.0,1778.0,1210.0,Yes,1065,1.21,0.8,0.12,North,208.0
32.5,2040.0,1157.0,883.0,No,1071,3.6599999999999997,8.23,0.66,North,233.0
30.1,2867.0,1729.0,1138.0,No,1057,1.85,2.21,0.5,East,264.0
37.1,2579.0,1516.0,1063.0,Yes,1049,40.62,0.09999999999999999,1.41,South,412.0
33.2,2439.0,1408.0,1031.0,Yes,1032,6.6,0.8,1.3800000000000001,South,395.0
23.3,2725.0,1607.0,1118.0,No,1003,5.24,1.96,0.73,South,270.0
21.4,2487.0,1364.0,1123.0,No,1000,17.990000000000002,0.13,0.96,North,147.0
32.8,2873.0,1617.0,1256.0,Yes,1030,2.42,0.060000000000000005,0.96,West,239.0
20.5,2901.0,1631.0,1270.0,No,1018,3.44,1.21,1.47,North,121.0
31.7,2422.0,1410.0,1012.0,No,970,7.92,0.8200000000000001,0.68,West,195.0
38.8,2277.0,1403.0,874.0,No,990,20.680000000000003,1.16,0.48,West,243.0
31.5,2592.0,1617.0,975.0,Yes,996,12.209999999999999,0.62,0.47000000000000003,South,375.0
27.8,2912.0,1729.0,1183.0,No,1016,9.48,0.37,0.85,West,147.0
32.9,2211.0,1302.0,909.0,No,1041,8.0,2.3499999999999996,0.72,North,221.0
29.2,2623.0,1434.0,1189.0,No,1086,11.04,1.46,0.71,North,178.0
30.9,2632.0,1502.0,1130.0,Yes,988,9.049999999999999,0.46,0.22,South,369.0
38.8,2733.0,1550.0,1183.0,Yes,1021,2.65,0.78,1.18,East,376.0
27.7,2132.0,1198.0,934.0,No,1040,7.75,1.8,0.4,North,206.0
39.2,2716.0,1571.0,1145.0,Yes,1046,2.5399999999999996,0.16,0.37,West,284.0
38.1,2909.0,1672.0,1237.0,No,1069,8.02,0.33,0.67,North,208.0
23.9,2180.0,1159.0,1021.0,Yes,998,4.58,0.16,0.42,North,235.0
21.4,2238.0,1330.0,908.0,Yes,1001,93.64,3.36,0.93,North,226.0
22.0,2971.0,1679.0,1292.0,No,985,7.109999999999999,2.8,0.61,East,213.0
20.4,2181.0,1271.0,910.0,Yes,1025,1.82,2.8099999999999996,0.72,West,229.0
21.9,2854.0,1766.0,1088.0,Yes,999,6.47,2.53,0.85,South,317.0
33.7,2492.0,1399.0,1093.0,Yes,1051,12.43,2.2199999999999998,0.38,North,261.0
21.4,2247.0,1172.0,1075.0,No,1017,39.39,1.31,0.32,West,163.0
26.4,2871.0,1658.0,1213.0,Yes,1087,4.109999999999999,2.07,1.66,West,204.0
36.9,2445.0,1472.0,973.0,Yes,1053,1.53,0.09,0.7,South,415.0
20.5,2515.0,1557.0,958.0,No,1015,16.73,1.95,0.67,North,153.0
36.3,2359.0,1304.0,1055.0,Yes,1041,1.87,3.0199999999999996,0.12,East,390.0
25.6,2593.0,1531.0,1062.0,Yes,1032,4.79,1.4,0.79,West,220.0
22.4,2164.0,1225.0,939.0,Yes,1025,5.72,0.89,0.88,South,359.0
33.9,2391.0,1379.0,1012.0,Yes,1018,6.8999999999999995,0.66,0.88,East,366.0
32.6,2969.0,1864.0,1105.0,Yes,1049,14.73,2.07,1.16,West,227.0
37.5,2258.0,1230.0,1028.0,No,1016,3.7399999999999998,2.3699999999999997,0.35000000000000003,North,234.0
34.7,2657.0,1557.0,1100.0,No,994,5.63,4.109999999999999,0.45,West,196.0
36.1,2325.0,1368.0,957.0,Yes,1076,7.29,0.85,1.41,East,390.0
25.6,2773.0,1668.0,1105.0,Yes,1050,8.59,2.9499999999999997,2.0599999999999996,East,306.0
23.5,2131.0,1233.0,898.0,Yes,1062,8.16,1.66,0.29000000000000004,North,239.0
35.0,2970.0,1747.0,1223.0,No,1104,11.44,4.3,0.79,North,187.0
36.1,2454.0,1403.0,1051.0,No,1010,17.19,1.51,0.4,South,349.0
39.8,2236.0,1305.0,931.0,Yes,1024,10.95,1.47,0.17,North,314.0
28.3,2073.0,1177.0,896.0,Yes,1000,11.64,1.73,0.55,South,388.0
27.4,2170.0,1283.0,887.0,No,1057,1.53,2.78,0.3,East,296.0
35.5,2520.0,1444.0,1076.0,Yes,1006,7.779999999999999,6.7,1.16,East,371.0
26.8,2337.0,1371.0,966.0,No,1064,11.95,0.16,0.84,West,181.0
38.6,2829.0,1646.0,1183.0,No,986,15.33,0.12,0.3,West,210.0
37.2,2431.0,1465.0,966.0,Yes,1093,3.71,5.56,0.05,South,423.0
28.6,2249.0,1297.0,952.0,No,1009,3.8299999999999996,1.52,1.41,North,190.0
35.0,2617.0,1432.0,1185.0,Yes,1038,4.17,1.92,0.34,North,264.0
35.1,2707.0,1637.0,1070.0,Yes,981,12.64,1.33,0.96,West,258.0
22.1,2167.0,1205.0,962.0,Yes,1056,20.790000000000003,0.21000000000000002,0.56,East,332.0
38.1,2168.0,1218.0,950.0,Yes,1009,4.93,2.9299999999999997,0.93,South,437.0
30.1,2037.0,1142.0,895.0,Yes,1050,18.330000000000002,2.76,0.53,East,377.0
36.5,2736.0,1660.0,1076.0,Yes,1094,8.37,0.76,0.21000000000000002,East,374.0
26.4,2664.0,1442.0,1222.0,No,1064,6.54,0.74,0.41000000000000003,North,156.0
37.9,2475.0,1592.0,883.0,No,1044,5.99,3.65,0.36,South,358.0
27.8,2844.0,1709.0,1135.0,No,1042,15.6,0.16,0.6900000000000001,East,253.0
20.2,2806.0,1645.0,1161.0,No,1067,10.24,4.27,1.06,West,138.0
38.1,2585.0,1498.0,1087.0,Yes,955,71.95,0.6,0.46,West,273.0
21.8,2868.0,1685.0,1183.0,No,1023,3.1599999999999997,1.81,0.060000000000000005,North,130.0
26.4,2206.0,1300.0,906.0,No,1014,12.42,5.51,0.8200000000000001,West,183.0
39.0,2112.0,1249.0,863.0,No,1061,4.359999999999999,2.28,0.96,West,254.0
39.0,2270.0,1340.0,930.0,Yes,993,3.11,1.08,2.2199999999999998,East,399.0
31.5,2057.0,1189.0,868.0,No,1026,7.319999999999999,2.3499999999999996,0.9400000000000001,West,219.0
32.6,2531.0,1459.0,1072.0,Yes,1021,8.49,0.85,0.75,West,260.0
29.0,2937.0,1705.0,1232.0,No,1060,136.76,0.66,0.91,East,257.0
25.9,2039.0,1164.0,875.0,Yes,978,6.16,11.43,1.92,North,252.0
26.6,2122.0,1280.0,842.0,Yes,1041,2.4,2.7899999999999996,1.47,North,258.0
33.5,2452.0,1451.0,1001.0,No,1012,9.72,2.0799999999999996,0.54,South,337.0
35.0,2934.0,1563.0,1371.0,Yes,1047,0.9400000000000001,0.89,0.43,West,245.0
35.8,2316.0,1372.0,944.0,Yes,1016,6.75,0.11,0.46,East,387.0
35.8,2507.0,1464.0,1043.0,No,1042,7.52,0.06999999999999999,0.8,South,344.0
21.8,2042.0,1174.0,868.0,No,1003,16.37,1.6300000000000001,1.24,North,176.0
29.9,2148.0,1219.0,929.0,No,1091,19.57,2.88,0.8,North,206.0
21.2,2987.0,1798.0,1189.0,Yes,1052,4.4799999999999995,1.55,0.18000000000000002,East,287.0
31.0,2965.0,1776.0,1189.0,Yes,985,6.37,3.69,1.19,South,350.0
28.8,2005.0,1114.0,891.0,Yes,1029,3.44,0.08,1.4,South,401.0
37.8,2952.0,1742.0,1210.0,No,1013,2.4,0.92,0.5,East,294.0
27.0,2639.0,1485.0,1154.0,Yes,1010,10.08,0.55,1.07,East,323.0
22.3,2868.0,1602.0,1266.0,Yes,1020,2.0799999999999996,1.2,0.6900000000000001,South,317.0
22.9,2455.0,1392.0,1063.0,Yes,1025,4.89,0.16,1.7,North,214.0
35.2,2516.0,1503.0,1013.0,Yes,1000,2.7399999999999998,6.17,1.53,West,272.0
32.4,2489.0,1491.0,998.0,Yes,1040,12.81,0.52,0.83,North,262.0
22.0,2667.0,1576.0,1091.0,Yes,1017,44.78,5.12,1.12,East,301.0
21.7,2140.0,1270.0,870.0,Yes,1054,2.0199999999999996,1.12,1.68,South,359.0
34.0,2030.0,1194.0,836.0,No,1058,1.17,8.48,0.79,South,375.0
21.5,2308.0,1303.0,1005.0,No,1018,6.529999999999999,1.6300000000000001,0.53,West,168.0
36.4,2705.0,1595.0,1110.0,No,1001,7.52,5.35,1.26,South,337.0
34.1,2202.0,1311.0,891.0,Yes,1026,9.2,0.02,0.41000000000000003,West,282.0
21.6,2673.0,1592.0,1081.0,Yes,1019,4.74,2.7699999999999996,0.63,North,200.0
21.7,2970.0,1791.0,1179.0,No,1010,6.06,4.68,1.6,North,121.0
39.7,2094.0,1242.0,852.0,Yes,995,10.68,0.31,1.19,South,451.0
27.5,2673.0,1571.0,1102.0,No,997,20.92,0.21000000000000002,0.65,South,293.0
27.4,2444.0,1470.0,974.0,Yes,1078,1.06,1.12,0.4,East,337.0
36.3,2868.0,1669.0,1199.0,Yes,1048,5.12,5.4399999999999995,0.59,East,355.0
38.9,2177.0,1212.0,965.0,No,981,9.16,1.57,0.49,South,381.0
39.7,2693.0,1558.0,1135.0,No,1046,2.96,1.51,0.34,South,359.0
35.1,2838.0,1616.0,1222.0,No,1019,41.739999999999995,0.31,1.24,North,196.0
27.5,2945.0,1683.0,1262.0,No,1026,3.92,0.01,0.45,South,279.0
21.7,2683.0,1553.0,1130.0,No,1013,7.1,3.3299999999999996,0.73,East,239.0
35.5,2497.0,1409.0,1088.0,Yes,1046,12.89,0.19,0.63,North,265.0
31.2,2618.0,1505.0,1113.0,Yes,998,4.1,2.0199999999999996,2.5399999999999996,West,244.0
28.5,2869.0,1577.0,1292.0,Yes,993,1.18,4.93,0.64,East,314.0
38.1,2571.0,1503.0,1068.0,No,1015,4.819999999999999,0.48,0.2,East,322.0
22.2,2030.0,1168.0,862.0,No,1010,20.700000000000003,2.1999999999999997,0.22,North,179.0
29.9,2931.0,1668.0,1263.0,No,1041,5.29,0.17,0.9400000000000001,West,157.0
20.2,2690.0,1597.0,1093.0,No,1065,3.1799999999999997,1.86,0.95,East,244.0
29.4,2677.0,1603.0,1074.0,No,1021,18.66,0.37,0.68,South,304.0
21.1,2216.0,1199.0,1017.0,No,1023,5.319999999999999,2.67,0.6900000000000001,East,270.0
22.4,2659.0,1507.0,1152.0,Yes,1050,4.45,0.73,0.16,North,206.0
22.4,2394.0,1348.0,1046.0,Yes,1028,8.59,1.25,0.8200000000000001,North,220.0
33.0,2651.0,1494.0,1157.0,Yes,1064,15.98,1.84,0.8,North,253.0
34.9,2107.0,1256.0,851.0,Yes,1045,79.98,0.39,0.31,East,395.0
31.7,2658.0,1535.0,1123.0,Yes,999,16.91,2.7199999999999998,0.24000000000000002,West,244.0
39.2,2999.0,1736.0,1263.0,No,1010,23.580000000000002,0.73,0.27,South,332.0
27.5,2048.0,1079.0,969.0,No,999,4.47,2.1799999999999997,0.23,North,202.0
25.7,2977.0,1768.0,1209.0,No,965,2.6599999999999997,0.35000000000000003,0.97,West,134.0
37.4,2407.0,1332.0,1075.0,No,1030,7.87,2.34,0.37,South,365.0
24.5,2871.0,1676.0,1195.0,No,1017,8.23,0.28,0.45,North,143.0
39.3,2782.0,1633.0,1149.0,No,1068,2.5199999999999996,1.12,0.34,South,348.0
20.2,2567.0,1558.0,1009.0,Yes,1024,6.21,0.58,2.17,South,326.0
39.4,2738.0,1527.0,1211.0,No,978,11.03,2.7699999999999996,1.56,West,220.0
20.9,2879.0,1526.0,1353.0,No,960,10.61,0.62,0.42,South,253.0
37.8,2404.0,1402.0,1002.0,No,1006,12.24,4.279999999999999,0.55,North,227.0
30.6,2327.0,1436.0,891.0,No,989,9.89,4.46,0.39,West,196.0
39.9,2668.0,1613.0,1055.0,Yes,982,4.46,0.45,0.78,East,382.0
21.5,2808.0,1645.0,1163.0,Yes,982,4.43,1.91,0.08,East,292.0
31.1,2762.0,1583.0,1179.0,No,1076,2.2399999999999998,0.19,1.08,West,174.0
39.4,2798.0,1669.0,1129.0,Yes,1058,44.04,1.0,0.83,East,374.0
30.5,2436.0,1363.0,1073.0,Yes,969,7.5,2.51,1.75,South,380.0
32.6,2818.0,1665.0,1153.0,No,1000,5.91,2.1599999999999997,0.33,North,180.0
33.9,2120.0,1247.0,873.0,No,990,2.9299999999999997,1.97,1.4,South,358.0
29.1,2544.0,1529.0,1015.0,No,1076,139.17,0.67,1.36,West,180.0
32.6,2006.0,1292.0,714.0,No,1070,2.5399999999999996,0.96,0.27,North,229.0
31.7,2325.0,1365.0,960.0,No,1004,4.819999999999999,0.23,0.65,West,202.0
38.0,2366.0,1344.0,1022.0,Yes,1014,11.209999999999999,2.55,0.34,West,294.0
20.9,2396.0,1386.0,1010.0,No,1029,13.48,1.41,0.45,West,163.0
25.6,2695.0,1479.0,1216.0,No,1043,19.270000000000003,2.48,0.46,South,277.0
39.0,2389.0,1349.0,1040.0,No,1007,45.05,0.58,0.88,North,236.0
37.8,2449.0,1399.0,1050.0,Yes,1055,12.27,0.79,0.66,North,286.0
29.1,2238.0,1267.0,971.0,No,1038,2.5799999999999996,0.8200000000000001,2.07,North,193.0
32.4,2373.0,1381.0,992.0,No,1029,5.72,0.060000000000000005,0.27,South,339.0
25.5,2227.0,1245.0,982.0,No,1014,10.06,0.84,2.38,East,281.0
23.8,2073.0,1250.0,823.0,Yes,942,58.46,3.26,0.42,South,367.0
29.3,2603.0,1512.0,1091.0,No,1011,1.84,4.56,1.31,South,308.0
27.1,2668.0,1550.0,1118.0,No,992,24.610000000000003,1.47,0.5700000000000001,West,158.0
31.7,2619.0,1505.0,1114.0,No,1095,8.86,1.23,0.3,North,190.0
21.6,2463.0,1436.0,1027.0,Yes,1051,17.09,0.06999999999999999,1.57,North,222.0
39.5,2380.0,1419.0,961.0,No,1052,6.68,4.24,0.52,East,342.0
39.7,2863.0,1624.0,1239.0,No,1037,3.19,0.04,1.06,East,316.0
34.0,2519.0,1428.0,1091.0,No,1079,15.67,5.8,0.9,West,208.0
30.7,2479.0,1422.0,1057.0,Yes,1037,14.23,1.35,0.75,North,246.0
26.2,2026.0,1098.0,928.0,No,965,19.540000000000003,0.85,0.79,East,286.0
36.3,2341.0,1314.0,1027.0,No,1007,7.3,5.17,1.21,East,324.0
33.7,2380.0,1354.0,1026.0,No,1012,4.069999999999999,0.060000000000000005,0.21000000000000002,North,214.0
23.3,2399.0,1433.0,966.0,Yes,1034,1.56,1.75,1.08,South,352.0
38.2,2580.0,1511.0,1069.0,Yes,1014,16.78,1.6,1.73,East,385.0
36.5,2534.0,1480.0,1054.0,No,994,11.299999999999999,0.51,0.16,North,212.0
39.0,2608.0,1557.0,1051.0,Yes,1006,2.82,1.1300000000000001,0.29000000000000004,East,388.0
34.5,2765.0,1602.0,1163.0,Yes,1034,4.319999999999999,2.1199999999999997,1.18,West,250.0
32.3,2813.0,1657.0,1156.0,Yes,1012,4.64,2.61,0.7,East,339.0
28.4,2718.0,1576.0,1142.0,No,995,1.69,0.01,0.65,North,163.0
38.7,2956.0,1737.0,1219.0,No,1056,3.2699999999999996,5.529999999999999,0.29000000000000004,East,303.0
37.3,2018.0,1132.0,886.0,Yes,979,2.3899999999999997,0.37,0.8,West,313.0
20.9,2196.0,1146.0,1050.0,Yes,1010,4.8999999999999995,0.54,0.27,West,227.0
20.5,2008.0,1148.0,860.0,Yes,1008,3.5399999999999996,0.62,0.76,East,336.0
27.5,2647.0,1609.0,1038.0,No,1035,1.46,0.09,1.29,East,265.0
36.2,2898.0,1735.0,1163.0,No,1014,55.86,0.27,0.46,West,192.0
39.7,2243.0,1344.0,899.0,Yes,987,25.87,8.6,0.76,West,318.0
23.0,2927.0,1768.0,1159.0,Yes,973,3.4,0.77,2.8699999999999997,South,315.0
31.9,2060.0,1190.0,870.0,Yes,982,9.709999999999999,0.26,1.11,South,408.0
27.6,2934.0,1720.0,1214.0,Yes,1083,11.23,0.24000000000000002,1.51,West,209.0
39.4,2352.0,1330.0,1022.0,No,1117,24.32,2.55,0.67,East,342.0
36.8,2101.0,1195.0,906.0,Yes,1048,3.2699999999999996,3.8699999999999997,1.3,North,302.0
36.8,2486.0,1472.0,1014.0,No,1070,22.03,0.6,0.13,East,324.0
29.4,2257.0,1364.0,893.0,Yes,1028,4.279999999999999,0.05,0.27,East,362.0
28.3,2285.0,1314.0,971.0,Yes,990,1.95,0.51,0.38,South,382.0
25.5,2307.0,1312.0,995.0,Yes,1009,15.25,0.13,0.65,South,365.0
21.1,2803.0,1632.0,1171.0,Yes,1050,26.87,0.23,1.53,South,324.0
37.3,2539.0,1503.0,1036.0,Yes,1034,98.30000000000001,1.14,0.58,West,282.0
36.3,2311.0,1264.0,1047.0,No,952,2.2399999999999998,0.53,1.05,West,223.0
40.0,2610.0,1401.0,1209.0,Yes,1022,14.87,1.46,1.16,East,395.0
39.9,2716.0,1552.0,1164.0,Yes,1018,4.91,0.59,0.93,East,382.0
31.1,2273.0,1253.0,1020.0,Yes,1110,16.180000000000003,5.6499999999999995,0.59,North,270.0
35.4,2414.0,1373.0,1041.0,No,1024,1.71,4.74,0.91,East,311.0
38.9,2122.0,1216.0,906.0,No,1076,2.0999999999999996,1.68,0.5700000000000001,East,356.0
37.0,2181.0,1236.0,945.0,No,1051,3.4099999999999997,0.89,0.21000000000000002,South,374.0
24.9,2681.0,1631.0,1050.0,No,1010,8.01,0.97,2.9099999999999997,South,276.0
29.0,2181.0,1275.0,906.0,Yes,1063,3.9,1.07,0.27,South,390.0
22.6,2525.0,1480.0,1045.0,Yes,1036,14.29,2.61,0.19,South,343.0
39.1,2709.0,1607.0,1102.0,Yes,1056,20.64,1.21,1.65,South,407.0
32.1,2107.0,1157.0,950.0,No,1015,13.47,3.9,0.52,North,223.0
24.6,2567.0,1542.0,1025.0,Yes,1016,37.3,5.779999999999999,1.04,North,213.0
33.4,2257.0,1300.0,957.0,Yes,1020,11.209999999999999,0.83,0.55,North,276.0
32.4,2963.0,1761.0,1202.0,No,1012,2.1999999999999997,1.66,0.64,South,296.0
27.2,2484.0,1387.0,1097.0,No,993,28.900000000000002,0.21000000000000002,0.46,West,172.0
22.3,2806.0,1556.0,1250.0,No,1029,4.04,0.46,0.5700000000000001,South,271.0
33.4,2550.0,1521.0,1029.0,Yes,1005,18.37,1.08,0.66,South,391.0
30.4,2043.0,1195.0,848.0,Yes,1023,35.66,0.47000000000000003,1.19,North,273.0
35.4,2633.0,1485.0,1148.0,No,1105,11.68,4.1899999999999995,0.81,South,343.0
30.4,2951.0,1677.0,1274.0,Yes,1023,1.67,0.35000000000000003,2.03,North,220.0
37.0,2602.0,1567.0,1035.0,No,1027,2.96,1.23,0.13,South,349.0
31.0,2819.0,1582.0,1237.0,No,1001,27.75,1.87,0.8,East,273.0
31.2,2884.0,1763.0,1121.0,Yes,982,6.25,2.36,0.93,West,218.0
37.5,2228.0,1242.0,986.0,No,1040,8.01,0.98,1.87,West,238.0
28.1,2212.0,1309.0,903.0,No,1030,15.79,4.08,0.15000000000000002,North,197.0
22.7,2611.0,1500.0,1111.0,No,1047,14.84,1.69,0.91,East,246.0
20.6,2411.0,1427.0,984.0,Yes,1047,9.77,1.17,1.56,West,215.0
35.1,2840.0,1627.0,1213.0,No,1010,6.01,0.15000000000000002,0.43,North,188.0
32.4,2900.0,1682.0,1218.0,No,965,5.42,1.26,1.64,South,295.0
34.1,2353.0,1364.0,989.0,No,981,17.430000000000003,3.4499999999999997,0.08,South,343.0
24.3,2237.0,1242.0,995.0,No,1058,12.86,1.92,1.21,East,282.0
22.7,2781.0,1656.0,1125.0,No,1015,5.72,3.5799999999999996,1.95,West,136.0
20.3,2275.0,1289.0,986.0,No,1064,21.810000000000002,1.37,1.06,South,304.0
27.0,2823.0,1632.0,1191.0,No,1066,6.5,0.26,0.7,North,157.0
31.8,2424.0,1355.0,1069.0,Yes,1053,3.1599999999999997,0.04,0.14,South,394.0
27.8,2668.0,1423.0,1245.0,Yes,992,3.4699999999999998,0.73,1.87,South,359.0
28.7,2096.0,1198.0,898.0,No,990,2.7899999999999996,2.4,0.75,West,203.0
38.1,2624.0,1645.0,979.0,Yes,1028,5.64,3.13,0.11,West,279.0
27.0,2452.0,1460.0,992.0,Yes,994,25.380000000000003,0.71,1.12,North,235.0
30.3,2587.0,1501.0,1086.0,No,944,3.3099999999999996,1.3800000000000001,0.77,East,282.0
35.7,2168.0,1238.0,930.0,Yes,1030,8.93,1.1,0.27,East,393.0
27.9,2737.0,1593.0,1144.0,No,1041,3.84,1.07,0.4,South,290.0
32.4,2863.0,1695.0,1168.0,No,1085,5.71,0.54,0.17,North,180.0
37.2,2217.0,1221.0,996.0,No,1001,1.64,0.3,0.91,East,340.0
39.0,2096.0,1263.0,833.0,No,1047,5.9399999999999995,0.45,0.99,East,359.0
22.9,2024.0,1200.0,824.0,No,1006,6.1,0.12,0.8,South,304.0
38.5,2642.0,1571.0,1071.0,Yes,1031,12.69,0.45,1.43,North,286.0
29.8,2607.0,1536.0,1071.0,No,990,9.25,0.03,1.58,East,275.0
25.2,2547.0,1479.0,1068.0,Yes,1036,2.2399999999999998,1.98,0.98,West,219.0
29.2,2232.0,1323.0,909.0,No,1047,21.860000000000003,0.77,0.060000000000000005,West,197.0
39.6,2391.0,1414.0,977.0,No,1051,9.129999999999999,7.24,1.1300000000000001,South,380.0
29.9,2594.0,1489.0,1105.0,No,993,9.02,0.44,0.67,South,309.0
26.6,2497.0,1420.0,1077.0,Yes,1036,7.33,0.86,0.9,South,357.0
32.7,2988.0,1748.0,1240.0,No,1024,4.41,0.9,1.04,South,303.0
24.8,2136.0,1309.0,827.0,No,1009,9.2,0.03,0.58,East,283.0
21.5,2695.0,1505.0,1190.0,No,994,11.9,3.67,1.85,North,137.0
22.6,2404.0,1319.0,1085.0,No,993,1.3,0.08,0.28,South,288.0
22.6,2428.0,1415.0,1013.0,Yes,1019,4.319999999999999,5.64,1.08,South,343.0
23.0,2718.0,1583.0,1135.0,No,1019,5.74,4.46,0.04,East,236.0
22.8,2692.0,1574.0,1118.0,Yes,1030,9.56,1.54,1.89,South,324.0
32.8,2991.0,1757.0,1234.0,No,1086,24.380000000000003,1.58,0.25,South,300.0
23.6,2128.0,1216.0,912.0,Yes,1025,3.4299999999999997,2.13,0.23,North,242.0
26.9,2104.0,1287.0,817.0,Yes,1048,4.5,0.99,0.56,West,261.0
37.9,2724.0,1504.0,1220.0,No,1023,4.4399999999999995,2.09,0.61,South,342.0
29.5,2578.0,1455.0,1123.0,No,1080,3.3299999999999996,0.09999999999999999,0.4,East,287.0
33.4,2274.0,1309.0,965.0,Yes,1030,5.2299999999999995,0.12,0.93,North,277.0
23.4,2079.0,1115.0,964.0,No,1024,15.98,1.23,0.71,East,278.0
23.8,2086.0,1193.0,893.0,No,1035,2.59,1.61,0.12,North,181.0
20.8,2894.0,1769.0,1125.0,No,1023,11.34,4.39,0.54,North,127.0
23.4,2192.0,1266.0,926.0,Yes,968,1.36,0.23,1.41,South,358.0
25.6,2323.0,1355.0,968.0,No,1061,4.2299999999999995,3.4699999999999998,1.12,South,310.0
23.5,2227.0,1223.0,1004.0,No,994,5.319999999999999,0.48,1.2,South,299.0
21.8,2355.0,1332.0,1023.0,No,1052,39.449999999999996,1.01,1.14,West,164.0
22.4,2069.0,1173.0,896.0,Yes,1032,5.62,0.77,0.53,West,241.0
29.2,2519.0,1446.0,1073.0,No,937,0.83,1.03,0.23,East,277.0
24.1,2068.0,1255.0,813.0,Yes,1060,1.01,0.34,0.48,South,372.0
27.3,2800.0,1658.0,1142.0,No,948,7.6499999999999995,1.41,1.48,West,146.0
30.1,2234.0,1235.0,999.0,Yes,1062,13.66,3.25,2.5,South,395.0
33.8,2540.0,1486.0,1054.0,No,1018,10.77,1.18,0.78,West,202.0
20.8,2880.0,1703.0,1177.0,No,1020,8.75,1.36,0.060000000000000005,West,129.0
36.0,2651.0,1598.0,1053.0,Yes,1031,23.630000000000003,3.7899999999999996,0.29000000000000004,North,267.0
32.6,2533.0,1549.0,984.0,Yes,1008,4.319999999999999,2.46,0.54,South,394.0
21.6,2324.0,1294.0,1030.0,Yes,1013,18.09,1.36,0.92,South,347.0
37.5,2333.0,1309.0,1024.0,No,1034,1.45,0.61,0.19,West,228.0
38.4,2669.0,1489.0,1180.0,No,1004,3.0,4.33,2.03,South,348.0
21.2,2994.0,1735.0,1259.0,No,1021,1.22,1.73,0.6,West,120.0
25.5,2662.0,1571.0,1091.0,No,1050,5.62,0.51,1.82,South,286.0
36.1,2558.0,1534.0,1024.0,Yes,1008,7.069999999999999,0.64,1.33,North,274.0
35.0,2731.0,1585.0,1146.0,No,957,8.29,3.26,1.27,South,327.0
23.7,2465.0,1413.0,1052.0,No,1077,7.87,0.09999999999999999,0.96,North,155.0
24.2,2060.0,1194.0,866.0,No,1029,2.9299999999999997,9.69,1.0,East,282.0
27.4,2562.0,1445.0,1117.0,No,1010,6.12,0.29000000000000004,1.02,South,300.0
29.7,2958.0,1829.0,1129.0,No,1030,1.66,3.19,1.0,South,290.0
32.4,2175.0,1175.0,1000.0,No,976,28.89,1.01,0.88,South,351.0
27.4,2690.0,1573.0,1117.0,No,1113,5.46,1.37,2.65,North,170.0
29.3,2201.0,1372.0,829.0,Yes,1034,4.54,4.26,1.21,South,391.0
34.9,2536.0,1472.0,1064.0,No,1042,36.21,1.08,1.32,South,337.0
20.7,2097.0,1199.0,898.0,No,1032,2.1399999999999997,1.55,1.6300000000000001,West,174.0
25.0,2450.0,1402.0,1048.0,No,1032,2.4099999999999997,0.11,0.4,East,263.0
34.3,2756.0,1595.0,1161.0,No,1016,2.48,0.01,0.21000000000000002,North,194.0
37.9,2348.0,1427.0,921.0,Yes,1039,6.91,0.5700000000000001,0.77,West,296.0
30.2,2665.0,1438.0,1227.0,Yes,1036,11.39,2.2899999999999996,0.81,North,234.0
30.6,2795.0,1704.0,1091.0,Yes,1007,15.49,0.27,1.47,West,229.0
22.1,2927.0,1635.0,1292.0,Yes,1076,96.75,0.25,0.71,East,292.0
28.9,2235.0,1278.0,957.0,Yes,1042,0.79,1.07,0.9,West,259.0
30.7,2399.0,1368.0,1031.0,Yes,992,13.59,2.0999999999999996,0.83,North,255.0
24.8,2152.0,1271.0,881.0,No,1023,4.24,2.5,0.12,South,312.0
25.4,2992.0,1665.0,1327.0,Yes,1036,4.12,0.4,0.98,South,329.0
27.5,2927.0,1729.0,1198.0,Yes,1009,3.9899999999999998,0.18000000000000002,1.47,East,308.0
20.4,2540.0,1575.0,965.0,No,996,2.9899999999999998,5.6499999999999995,0.32,North,146.0
26.4,2842.0,1587.0,1255.0,Yes,995,39.839999999999996,0.61,0.9400000000000001,North,203.0
24.2,2521.0,1472.0,1049.0,No,1018,17.17,3.8499999999999996,0.9400000000000001,North,156.0
26.5,2624.0,1491.0,1133.0,No,1020,7.569999999999999,3.9899999999999998,0.33,East,254.0
22.4,2089.0,1225.0,864.0,Yes,1070,28.540000000000003,2.9699999999999998,0.27,South,368.0
37.8,2755.0,1604.0,1151.0,No,1028,1.64,0.38,2.4899999999999998,West,209.0
31.9,2128.0,1195.0,933.0,Yes,1015,1.96,3.46,0.64,East,373.0
33.6,2826.0,1670.0,1156.0,Yes,984,0.85,2.94,0.42,West,239.0
35.8,2782.0,1709.0,1073.0,No,1042,3.6799999999999997,1.83,0.34,South,332.0
30.0,2709.0,1566.0,1143.0,No,1089,8.7,0.83,1.08,East,278.0
21.7,2036.0,1208.0,828.0,Yes,1009,8.2,0.62,0.97,South,369.0
30.7,2303.0,1267.0,1036.0,No,995,8.59,0.27,1.03,West,201.0
31.7,2263.0,1260.0,1003.0,No,1048,1.81,1.44,0.21000000000000002,North,210.0
34.9,2360.0,1390.0,970.0,Yes,1015,16.51,1.77,1.72,North,282.0
28.6,2088.0,1277.0,811.0,Yes,1038,9.4,0.9,0.63,West,265.0
22.6,2937.0,1730.0,1207.0,No,1056,15.39,1.3,0.53,North,123.0
25.7,2554.0,1467.0,1087.0,Yes,1066,1.12,0.91,0.74,West,229.0
27.3,2306.0,1334.0,972.0,Yes,1095,10.1,2.0599999999999996,0.64,East,350.0
32.9,2397.0,1326.0,1071.0,Yes,1009,2.26,4.64,1.59,East,364.0
31.4,2447.0,1448.0,999.0,Yes,1015,4.9799999999999995,0.37,1.92,East,352.0
27.1,2601.0,1555.0,1046.0,Yes,1020,12.62,0.97,0.52,North,227.0
39.7,2516.0,1437.0,1079.0,Yes,998,8.1,0.31,1.59,South,422.0
32.1,2919.0,1678.0,1241.0,Yes,1006,3.1599999999999997,1.97,1.33,North,235.0
24.7,2497.0,1461.0,1036.0,No,990,7.45,2.6199999999999997,1.94,North,157.0
22.0,2992.0,1723.0,1269.0,Yes,1016,1.61,5.38,0.44,South,309.0
23.1,2851.0,1657.0,1194.0,No,1033,23.35,0.66,0.91,South,264.0
24.9,2209.0,1380.0,829.0,No,987,6.029999999999999,6.01,0.48,South,308.0
23.2,2931.0,1696.0,1235.0,No,1040,22.62,0.14,1.46,South,258.0
23.7,2116.0,1202.0,914.0,Yes,1044,4.37,1.86,0.04,North,241.0
25.7,2817.0,1608.0,1209.0,Yes,1025,4.39,0.13,0.89,West,206.0
23.5,2381.0,1416.0,965.0,No,1043,3.4499999999999997,4.49,0.5700000000000001,East,262.0
37.9,2878.0,1668.0,1210.0,Yes,940,17.76,1.52,0.54,West,261.0
21.6,2868.0,1638.0,1230.0,No,1025,3.6399999999999997,2.2199999999999998,1.03,North,131.0
30.5,2806.0,1700.0,1106.0,Yes,1046,14.09,3.57,1.55,South,361.0
28.2,2790.0,1695.0,1095.0,Yes,1055,5.05,0.34,0.97,East,326.0
39.6,2305.0,1303.0,1002.0,No,1021,1.03,0.09,1.55,East,338.0
22.2,2081.0,1105.0,976.0,No,1014,4.1899999999999995,4.2299999999999995,0.47000000000000003,West,182.0
28.0,2403.0,1442.0,961.0,No,1044,2.28,0.77,0.8200000000000001,North,178.0
39.4,2174.0,1220.0,954.0,Yes,1065,7.6499999999999995,0.29000000000000004,0.72,North,313.0
37.3,2695.0,1607.0,1088.0,No,965,2.26,1.27,0.060000000000000005,North,207.0
36.3,2346.0,1259.0,1087.0,Yes,1017,18.66,1.83,0.88,East,386.0
25.2,2976.0,1780.0,1196.0,Yes,995,6.76,0.06999999999999999,1.06,West,195.0
23.4,2641.0,1474.0,1167.0,Yes,1030,6.2,0.65,0.9400000000000001,East,302.0
33.4,2822.0,1680.0,1142.0,No,1005,14.25,0.08,1.22,East,284.0
38.6,2133.0,1231.0,902.0,No,1064,19.380000000000003,1.1,0.91,South,382.0
31.1,2862.0,1620.0,1242.0,No,993,7.25,4.52,0.18000000000000002,West,169.0
31.4,2923.0,1683.0,1240.0,Yes,1006,3.4299999999999997,8.12,0.26,South,356.0
25.6,2487.0,1477.0,1010.0,Yes,1022,1.26,2.0399999999999996,0.95,North,225.0
35.4,2606.0,1519.0,1087.0,No,990,3.73,0.36,0.48,East,303.0
23.7,2765.0,1638.0,1127.0,Yes,1090,4.0,4.74,0.2,West,201.0
26.5,2175.0,1354.0,821.0,Yes,992,8.23,1.46,0.6900000000000001,North,247.0
28.5,2503.0,1374.0,1129.0,No,1021,5.24,0.34,0.88,West,181.0
30.2,2399.0,1470.0,929.0,No,975,14.709999999999999,5.109999999999999,0.55,East,288.0
24.8,2146.0,1243.0,903.0,No,1004,4.01,2.84,1.19,West,177.0
22.3,2368.0,1326.0,1042.0,Yes,941,6.99,2.6399999999999997,1.03,North,216.0
32.2,2068.0,1124.0,944.0,Yes,1052,24.150000000000002,2.48,0.56,South,415.0
25.8,2026.0,1156.0,870.0,Yes,1022,10.41,0.46,1.27,East,356.0
31.6,2135.0,1277.0,858.0,Yes,1018,6.97,0.48,1.04,South,403.0
23.1,2963.0,1721.0,1242.0,Yes,1053,4.06,2.34,1.02,East,280.0
29.6,2550.0,1556.0,994.0,No,1051,3.9299999999999997,0.51,0.88,North,181.0
30.7,2966.0,1657.0,1309.0,Yes,1019,3.17,1.16,0.060000000000000005,East,319.0
21.0,2432.0,1409.0,1023.0,Yes,1023,4.31,3.0599999999999996,1.1300000000000001,South,345.0
26.7,2312.0,1275.0,1037.0,Yes,1070,15.74,3.07,0.62,East,342.0
22.7,2506.0,1472.0,1034.0,No,1010,5.93,1.22,2.0199999999999996,North,152.0
21.3,2440.0,1458.0,982.0,No,1026,1.93,3.15,1.44,East,254.0
39.8,2106.0,1193.0,913.0,No,986,43.309999999999995,3.6599999999999997,0.93,South,387.0
26.4,2641.0,1404.0,1237.0,Yes,1004,10.19,2.1399999999999997,0.45,North,219.0
36.2,2216.0,1290.0,926.0,No,956,1.82,0.53,0.38,South,361.0
25.1,2620.0,1544.0,1076.0,No,971,4.76,0.65,0.5700000000000001,East,251.0
33.6,2650.0,1560.0,1090.0,No,1019,8.27,0.77,0.76,West,196.0
35.2,2152.0,1303.0,849.0,Yes,1001,40.64,0.26,0.51,South,419.0
31.9,2061.0,1133.0,928.0,No,972,2.4499999999999997,0.65,0.8200000000000001,East,323.0
29.4,2781.0,1653.0,1128.0,Yes,1009,19.62,0.48,0.33,West,225.0
28.2,2460.0,1486.0,974.0,Yes,1076,29.96,1.23,2.4499999999999997,West,239.0
27.0,2058.0,1096.0,962.0,No,974,3.9499999999999997,4.79,0.25,North,195.0
38.6,2995.0,1763.0,1232.0,Yes,1020,5.609999999999999,0.23,1.94,West,257.0
36.6,2058.0,1160.0,898.0,No,1005,2.63,2.5599999999999996,1.83,South,376.0
39.3,2695.0,1563.0,1132.0,Yes,1028,6.04,2.3299999999999996,0.83,South,418.0
22.5,2984.0,1758.0,1226.0,No,1063,7.13,0.21000000000000002,1.2,West,122.0
34.6,2239.0,1269.0,970.0,No,1034,14.299999999999999,5.13,0.7,East,326.0
38.8,2142.0,1201.0,941.0,No,1029,21.990000000000002,1.69,1.01,South,377.0
23.6,2121.0,1224.0,897.0,Yes,1035,3.51,0.91,0.5700000000000001,South,369.0
21.3,2303.0,1277.0,1026.0,No,1052,1.04,2.84,0.51,North,162.0
34.8,2101.0,1156.0,945.0,Yes,1014,7.24,0.61,0.92,East,392.0
31.5,2692.0,1599.0,1093.0,No,1019,9.92,2.38,0.79,West,178.0
36.8,2062.0,1130.0,932.0,Yes,1024,9.49,0.09,0.92,East,409.0
22.8,2509.0,1489.0,1020.0,Yes,1032,5.34,3.67,0.5,North,214.0
35.9,2997.0,1771.0,1226.0,No,1057,8.379999999999999,1.2,0.6,North,188.0
24.0,2814.0,1552.0,1262.0,No,997,33.64,2.0399999999999996,0.21000000000000002,East,233.0
23.3,2615.0,1485.0,1130.0,No,1002,10.83,0.51,0.15000000000000002,North,149.0
23.3,2306.0,1393.0,913.0,No,1039,5.1,2.2699999999999996,0.45,North,163.0
36.3,2624.0,1475.0,1149.0,No,1020,4.49,2.9699999999999998,0.19,North,203.0
33.3,2527.0,1443.0,1084.0,Yes,1031,6.24,1.29,0.24000000000000002,East,363.0
30.5,2426.0,1429.0,997.0,No,985,37.98,1.93,1.42,North,188.0
27.2,2131.0,1268.0,863.0,No,1066,6.16,1.23,0.13,West,200.0
37.5,2887.0,1670.0,1217.0,Yes,1046,7.25,4.5,1.06,West,260.0
27.8,2450.0,1390.0,1060.0,No,974,4.569999999999999,1.39,0.48,South,307.0
36.3,2195.0,1338.0,857.0,No,1015,22.19,3.6999999999999997,1.62,West,240.0
28.8,2368.0,1458.0,910.0,Yes,1106,52.46,3.2399999999999998,0.77,South,379.0
27.5,2414.0,1447.0,967.0,No,1011,11.61,1.07,0.52,East,276.0
29.3,2828.0,1651.0,1177.0,No,1008,8.04,0.53,0.8200000000000001,North,162.0
26.0,2734.0,1550.0,1184.0,No,1043,7.68,1.05,0.62,West,158.0
35.0,2769.0,1570.0,1199.0,Yes,1048,0.6900000000000001,3.51,0.89,South,384.0
30.1,2011.0,1183.0,828.0,No,952,15.58,0.53,0.26,East,310.0
24.6,2416.0,1421.0,995.0,Yes,1011,8.459999999999999,1.5,3.2399999999999998,South,355.0
38.0,2481.0,1509.0,972.0,No,1024,11.35,3.2899999999999996,0.68,North,226.0
27.7,2019.0,1194.0,825.0,Yes,993,3.6399999999999997,0.88,0.58,West,262.0
30.9,2260.0,1231.0,1029.0,No,1020,5.04,2.07,1.16,East,300.0
38.1,2760.0,1659.0,1101.0,Yes,1042,4.91,0.5700000000000001,0.6,South,409.0
32.5,2137.0,1182.0,955.0,Yes,1035,20.53,0.24000000000000002,1.49,East,377.0
22.3,2535.0,1452.0,1083.0,Yes,1042,5.069999999999999,3.17,0.73,South,339.0
38.8,2215.0,1292.0,923.0,Yes,1034,59.309999999999995,0.22,1.18,South,438.0
32.6,2012.0,1257.0,755.0,Yes,996,11.379999999999999,0.64,0.24000000000000002,North,292.0
26.7,2241.0,1450.0,791.0,Yes,1021,2.07,3.8699999999999997,1.53,North,241.0
22.8,2976.0,1766.0,1210.0,No,967,6.51,0.86,1.22,South,255.0
35.9,2802.0,1622.0,1180.0,No,1011,3.86,7.24,0.39,West,199.0
32.4,2960.0,1753.0,1207.0,Yes,1029,0.83,7.81,0.3,East,332.0
30.7,2488.0,1487.0,1001.0,Yes,1005,36.589999999999996,0.63,0.53,East,346.0
37.9,2110.0,1200.0,910.0,Yes,996,14.94,0.09,2.42,North,309.0
35.8,2548.0,1569.0,979.0,Yes,1044,12.6,2.4499999999999997,0.45,West,271.0
23.0,2454.0,1434.0,1020.0,No,1013,8.73,1.21,0.73,South,287.0
26.2,2844.0,1681.0,1163.0,Yes,1055,1.87,0.22,0.11,North,205.0
25.0,2098.0,1242.0,856.0,No,964,4.569999999999999,2.4699999999999998,0.65,South,311.0
34.9,2488.0,1464.0,1024.0,No,1002,17.16,0.06999999999999999,0.91,South,338.0
20.7,2150.0,1282.0,868.0,Yes,1053,2.59,4.09,2.1199999999999997,North,231.0
31.4,2325.0,1314.0,1011.0,Yes,1062,0.6,0.31,0.8200000000000001,West,268.0
35.2,2737.0,1564.0,1173.0,No,1043,5.8999999999999995,0.28,1.44,East,301.0
37.5,2476.0,1381.0,1095.0,No,960,6.42,0.4,0.87,North,225.0
26.8,2376.0,1398.0,978.0,Yes,1009,8.47,6.46,0.13,West,231.0
36.4,2394.0,1425.0,969.0,Yes,1051,15.32,2.3699999999999997,0.53,South,419.0
22.2,2459.0,1448.0,1011.0,Yes,1057,13.99,3.2399999999999998,0.91,North,223.0
36.9,2785.0,1705.0,1080.0,No,1020,9.58,1.02,2.09,East,302.0
22.5,2892.0,1685.0,1207.0,No,998,24.430000000000003,0.83,1.58,East,232.0
27.9,2955.0,1756.0,1199.0,Yes,1035,1.6300000000000001,0.54,0.42,South,338.0
35.9,2787.0,1568.0,1219.0,No,988,12.25,1.32,0.41000000000000003,North,192.0
23.0,2315.0,1320.0,995.0,No,1031,13.84,1.62,0.38,East,262.0
24.6,2688.0,1598.0,1090.0,Yes,1023,2.15,2.01,1.8800000000000001,North,211.0
34.4,2438.0,1455.0,983.0,Yes,1032,1.65,0.6,1.55,East,370.0
34.4,2255.0,1288.0,967.0,No,1031,3.51,5.95,1.32,South,351.0
32.8,2841.0,1651.0,1190.0,No,1027,3.82,0.38,0.64,South,312.0
33.9,2038.0,1097.0,941.0,Yes,999,15.709999999999999,6.75,0.8,North,292.0
30.9,2902.0,1673.0,1229.0,Yes,1007,4.01,0.04,0.74,West,227.0
25.0,2461.0,1471.0,990.0,Yes,1025,3.15,1.32,0.45,West,224.0
26.9,2637.0,1561.0,1076.0,Yes,1001,4.02,0.8200000000000001,0.8,South,352.0
23.6,2659.0,1570.0,1089.0,Yes,984,22.630000000000003,1.2,0.11,East,301.0
38.2,2895.0,1689.0,1206.0,No,1066,7.5,1.7,0.28,West,207.0
31.7,2637.0,1533.0,1104.0,No,978,6.1899999999999995,1.15,1.69,South,311.0
28.0,2614.0,1485.0,1129.0,No,1056,6.63,1.08,1.26,East,275.0
29.2,2067.0,1225.0,842.0,No,980,26.91,2.65,0.68,East,304.0
38.9,2518.0,1482.0,1036.0,Yes,1060,3.5,2.3299999999999996,0.8200000000000001,West,295.0
23.1,2150.0,1265.0,885.0,Yes,1039,27.55,3.59,0.61,South,363.0
31.7,2737.0,1566.0,1171.0,Yes,1028,9.129999999999999,0.59,1.23,East,341.0
30.1,2512.0,1350.0,1162.0,No,1038,6.3,1.89,1.34,East,285.0
32.2,2680.0,1613.0,1067.0,No,1019,90.11,1.77,1.29,North,183.0
20.4,2042.0,1151.0,891.0,No,1029,2.5799999999999996,0.93,1.19,North,174.0
37.4,2085.0,1158.0,927.0,Yes,1043,5.2,1.34,0.38,West,306.0
38.6,2716.0,1614.0,1102.0,No,989,2.1599999999999997,0.76,0.56,North,213.0
31.3,2072.0,1174.0,898.0,Yes,986,19.16,0.32,0.75,South,407.0
33.9,2071.0,1246.0,825.0,Yes,1027,40.019999999999996,0.49,0.55,West,295.0
38.4,2012.0,1188.0,824.0,Yes,978,39.26,0.23,1.27,West,313.0
34.1,2957.0,1758.0,1199.0,Yes,1066,25.14,2.3099999999999996,0.55,North,239.0
23.1,2738.0,1525.0,1213.0,Yes,1037,6.069999999999999,2.17,0.29000000000000004,East,294.0
31.5,2353.0,1422.0,931.0,Yes,980,5.14,6.029999999999999,0.65,South,391.0
32.1,2297.0,1341.0,956.0,No,1001,1.4,2.63,2.4899999999999998,South,341.0
28.5,2350.0,1342.0,1008.0,Yes,1002,56.6,0.12,0.41000000000000003,South,380.0
34.7,2775.0,1622.0,1153.0,Yes,1092,11.82,4.319999999999999,0.97,West,259.0
38.7,2661.0,1458.0,1203.0,No,1060,4.529999999999999,3.98,0.7,South,354.0
38.5,2185.0,1281.0,904.0,Yes,980,27.89,1.18,0.19,East,410.0
29.0,2174.0,1203.0,971.0,No,1003,2.8,1.77,0.78,East,300.0
22.3,2098.0,1141.0,957.0,No,1002,11.11,7.4799999999999995,1.15,North,176.0
39.7,2660.0,1470.0,1190.0,No,1085,6.2299999999999995,1.53,0.81,South,358.0
36.8,2764.0,1664.0,1100.0,Yes,1044,14.0,4.72,1.6300000000000001,West,261.0
22.5,2265.0,1278.0,987.0,Yes,1058,6.9399999999999995,0.18000000000000002,0.5,North,225.0
38.4,2021.0,1239.0,782.0,No,1039,1.74,0.43,0.21000000000000002,East,358.0
37.4,2082.0,1172.0,910.0,Yes,1077,7.9799999999999995,1.17,1.98,South,442.0
30.4,2968.0,1645.0,1323.0,Yes,942,21.1,1.77,0.62,East,321.0
31.8,2295.0,1271.0,1024.0,No,1059,7.1899999999999995,3.4,0.91,North,210.0
28.0,2769.0,1673.0,1096.0,No,1021,16.05,8.9,1.36,East,263.0
21.1,2625.0,1517.0,1108.0,Yes,1018,2.61,0.99,0.55,South,332.0
26.7,2382.0,1352.0,1030.0,No,1084,7.21,0.11,1.18,South,309.0
36.1,2206.0,1282.0,924.0,No,1007,3.9699999999999998,3.2399999999999998,0.29000000000000004,North,229.0
20.1,2121.0,1248.0,873.0,No,1012,15.61,1.86,0.5,South,302.0
26.7,2615.0,1575.0,1040.0,Yes,1011,7.64,0.45,0.3,East,324.0
28.0,2775.0,1687.0,1088.0,Yes,1040,14.74,1.3800000000000001,1.42,East,321.0
30.7,2644.0,1518.0,1126.0,Yes,1003,21.94,2.7199999999999998,0.41000000000000003,West,243.0
38.4,2530.0,1402.0,1128.0,No,982,14.77,2.9499999999999997,1.18,West,224.0
26.9,2042.0,1155.0,887.0,Yes,1066,9.72,1.39,2.03,West,260.0
26.9,2968.0,1744.0,1224.0,No,1020,2.73,0.74,0.84,East,249.0
34.8,2799.0,1581.0,1218.0,Yes,969,7.38,7.29,0.85,East,348.0
29.0,2293.0,1278.0,1015.0,Yes,1058,4.35,2.19,0.74,North,259.0
24.5,2980.0,1755.0,1225.0,No,1018,5.25,1.06,0.55,West,128.0
29.0,2602.0,1509.0,1093.0,Yes,1068,5.09,0.67,0.76,East,340.0
22.8,2582.0,1501.0,1081.0,No,1030,2.78,2.6399999999999997,0.96,North,149.0
23.5,2748.0,1561.0,1187.0,Yes,977,1.05,0.56,2.6399999999999997,East,297.0
30.0,2812.0,1626.0,1186.0,Yes,1058,3.8,0.39,1.99,North,222.0
28.4,2656.0,1497.0,1159.0,No,1019,8.98,1.52,1.59,West,169.0
38.3,2128.0,1271.0,857.0,No,1029,1.93,0.6900000000000001,1.7,West,254.0
27.2,2338.0,1405.0,933.0,No,1050,7.52,1.99,0.75,West,185.0
31.6,2928.0,1614.0,1314.0,Yes,993,49.43,0.26,1.06,East,328.0
32.6,2225.0,1239.0,986.0,Yes,992,20.560000000000002,2.1399999999999997,1.73,East,369.0
20.3,2372.0,1298.0,1074.0,Yes,1033,38.239999999999995,0.68,0.64,North,218.0
33.3,2432.0,1377.0,1055.0,No,1032,10.94,0.01,2.21,South,339.0
23.6,2439.0,1409.0,1030.0,No,1009,23.76,0.28,0.67,South,288.0
39.2,2613.0,1445.0,1168.0,No,1034,3.59,5.43,0.96,West,229.0
23.0,2943.0,1670.0,1273.0,Yes,1037,3.8899999999999997,4.05,1.16,South,315.0
28.3,2241.0,1244.0,997.0,Yes,1048,0.49,0.54,2.09,West,256.0
21.7,2122.0,1234.0,888.0,No,995,24.200000000000003,3.0199999999999996,0.44,North,172.0
39.9,2197.0,1272.0,925.0,Yes,983,34.489999999999995,1.89,1.24,South,439.0
30.0,2887.0,1646.0,1241.0,No,1042,4.26,7.08,0.8200000000000001,South,287.0
31.9,2646.0,1546.0,1100.0,Yes,992,5.74,0.95,0.47000000000000003,West,246.0
21.3,2286.0,1294.0,992.0,Yes,1057,3.4899999999999998,2.3,1.32,North,227.0
35.0,2816.0,1626.0,1190.0,No,1036,10.84,0.14,0.87,South,321.0
24.2,2861.0,1750.0,1111.0,Yes,1044,22.770000000000003,1.02,1.06,South,322.0
38.0,2847.0,1725.0,1122.0,Yes,957,1.3,6.6499999999999995,0.54,South,393.0
24.1,2919.0,1636.0,1283.0,No,1063,11.14,1.56,0.77,North,133.0
23.8,2252.0,1343.0,909.0,No,1038,5.609999999999999,0.6900000000000001,0.98,North,173.0
20.7,2755.0,1644.0,1111.0,Yes,1106,8.29,0.27,0.66,South,337.0
29.4,2461.0,1369.0,1092.0,No,1032,11.7,2.44,0.38,West,180.0
31.3,2842.0,1696.0,1146.0,Yes,1045,6.13,2.0799999999999996,2.21,West,231.0
21.3,2728.0,1664.0,1064.0,No,999,6.67,0.95,0.81,South,266.0
35.5,2776.0,1559.0,1217.0,Yes,1078,5.9799999999999995,6.04,1.22,North,265.0
29.1,2656.0,1498.0,1158.0,Yes,986,19.51,0.05,0.66,South,355.0
30.5,2177.0,1307.0,870.0,No,1025,11.24,0.73,0.59,North,214.0
28.8,2545.0,1491.0,1054.0,Yes,986,9.22,5.09,0.66,South,365.0
28.0,2985.0,1769.0,1216.0,Yes,999,2.0799999999999996,0.78,0.66,North,205.0
31.2,2937.0,1729.0,1208.0,No,1042,5.069999999999999,0.59,0.86,East,266.0
23.1,2043.0,1195.0,848.0,No,1050,18.16,1.54,0.86,West,179.0
23.6,2165.0,1183.0,982.0,Yes,1020,7.68,3.48,0.79,East,337.0
37.2,2132.0,1282.0,850.0,No,1005,14.299999999999999,0.23,0.29000000000000004,West,240.0
38.9,2726.0,1644.0,1082.0,No,1031,43.239999999999995,5.74,0.79,North,219.0
27.5,2818.0,1629.0,1189.0,Yes,1078,20.89,3.1799999999999997,0.33,East,317.0
25.4,2214.0,1276.0,938.0,Yes,1072,8.12,0.41000000000000003,0.27,West,241.0
32.9,2506.0,1377.0,1129.0,No,1040,4.4399999999999995,2.5,1.95,South,339.0
28.2,2841.0,1680.0,1161.0,No,1021,0.58,0.98,0.96,North,158.0
20.5,2733.0,1618.0,1115.0,No,1042,6.25,1.04,1.06,North,141.0
23.1,2542.0,1472.0,1070.0,Yes,993,5.34,3.07,0.65,South,341.0
34.3,2590.0,1560.0,1030.0,Yes,974,10.93,6.59,1.8,South,385.0
33.2,2508.0,1438.0,1070.0,Yes,978,6.35,0.28,1.02,West,264.0
20.5,2298.0,1357.0,941.0,Yes,1055,5.37,1.1,1.3,North,218.0
24.4,2565.0,1438.0,1127.0,Yes,983,1.26,1.32,0.61,West,209.0
24.6,2689.0,1562.0,1127.0,Yes,994,2.9,0.95,2.19,South,335.0
33.4,2873.0,1665.0,1208.0,Yes,990,11.91,0.91,1.44,North,241.0
20.4,2636.0,1543.0,1093.0,No,1058,41.11,0.12,1.56,South,276.0
22.1,2761.0,1588.0,1173.0,No,1039,6.71,2.32,0.34,West,136.0
36.0,2160.0,1239.0,921.0,Yes,1042,10.27,1.16,0.47000000000000003,West,298.0
23.6,2462.0,1469.0,993.0,Yes,1037,19.16,0.44,0.49,West,214.0
33.1,2009.0,1134.0,875.0,Yes,1071,3.2899999999999996,3.4,0.47000000000000003,North,289.0
24.8,2247.0,1218.0,1029.0,No,989,10.67,3.25,1.56,South,305.0
22.0,2726.0,1673.0,1053.0,Yes,1000,3.53,1.34,0.11,South,328.0
24.9,2992.0,1814.0,1178.0,No,978,17.560000000000002,0.72,0.19,West,133.0
34.4,2099.0,1145.0,954.0,No,1077,8.61,2.0399999999999996,0.48,West,233.0
37.1,2401.0,1425.0,976.0,No,1037,9.97,0.6900000000000001,0.38,West,230.0
36.6,2800.0,1605.0,1195.0,No,1019,3.3899999999999997,0.55,0.42,West,200.0
27.9,2204.0,1286.0,918.0,No,1090,14.99,2.63,1.3800000000000001,East,301.0
33.4,2555.0,1498.0,1057.0,Yes,1067,59.43,0.09,0.89,East,366.0
24.1,2733.0,1578.0,1155.0,Yes,1001,2.71,0.21000000000000002,0.04,East,302.0
25.9,2616.0,1480.0,1136.0,No,1003,5.27,0.02,0.6900000000000001,West,156.0
37.9,2188.0,1228.0,960.0,Yes,1037,9.32,0.34,0.66,West,308.0
20.3,2355.0,1317.0,1038.0,No,1001,16.23,0.15000000000000002,0.25,South,291.0
21.7,2784.0,1579.0,1205.0,No,1037,4.2299999999999995,10.959999999999999,1.09,North,133.0
24.2,2554.0,1479.0,1075.0,Yes,1059,0.44,0.6900000000000001,1.15,South,342.0
20.5,2005.0,1117.0,888.0,Yes,1039,28.78,0.33,1.19,East,342.0
23.6,2761.0,1641.0,1120.0,Yes,1034,15.82,0.56,1.2,South,334.0
31.7,2035.0,1245.0,790.0,Yes,1003,1.3,5.51,0.01,West,284.0
28.4,2746.0,1569.0,1177.0,Yes,1002,4.029999999999999,1.48,2.13,East,319.0
37.9,2202.0,1283.0,919.0,No,1025,35.46,0.92,1.42,East,340.0
36.3,2958.0,1750.0,1208.0,Yes,1114,31.44,4.14,1.77,North,259.0
26.8,2368.0,1394.0,974.0,Yes,1006,18.900000000000002,1.02,0.06999999999999999,North,234.0
25.2,2327.0,1350.0,977.0,Yes,1003,6.21,0.83,1.96,East,333.0
27.6,2149.0,1277.0,872.0,No,1014,8.04,0.47000000000000003,1.41,East,293.0
31.8,2306.0,1358.0,948.0,Yes,1037,6.49,0.96,1.5,South,402.0
25.4,2877.0,1614.0,1263.0,No,1058,22.84,0.77,0.22,East,240.0
32.5,2996.0,1791.0,1205.0,Yes,965,3.09,2.2699999999999996,1.23,West,229.0
28.2,2368.0,1415.0,953.0,Yes,981,3.3099999999999996,0.6900000000000001,2.19,South,373.0
31.0,2449.0,1381.0,1068.0,No,1084,20.3,1.73,1.1,West,199.0
28.7,2722.0,1585.0,1137.0,Yes,1062,7.08,0.15000000000000002,0.9,West,223.0
25.9,2886.0,1716.0,1170.0,Yes,1045,29.34,0.43,2.05,West,197.0
39.0,2593.0,1495.0,1098.0,No,991,3.7899999999999996,1.06,0.71,East,323.0
35.3,2392.0,1439.0,953.0,Yes,1038,7.01,5.54,0.95,North,281.0
22.8,2413.0,1516.0,897.0,No,1012,2.9499999999999997,0.96,0.76,North,152.0
37.4,2696.0,1528.0,1168.0,No,1058,7.45,2.19,1.95,West,210.0
29.7,2003.0,1083.0,920.0,No,1055,1.69,0.6,0.19,East,318.0
37.9,2620.0,1537.0,1083.0,No,1070,4.55,0.28,0.79,South,353.0
36.0,2355.0,1399.0,956.0,No,1035,1.77,0.13,1.11,West,225.0
28.5,2794.0,1615.0,1179.0,Yes,1017,14.799999999999999,0.74,1.36,South,353.0
20.4,2093.0,1278.0,815.0,Yes,974,15.14,0.35000000000000003,0.92,South,360.0
25.4,2588.0,1436.0,1152.0,Yes,1067,1.32,0.39,1.8,East,319.0
30.8,2481.0,1473.0,1008.0,No,996,28.060000000000002,2.8699999999999997,2.0199999999999996,East,295.0
32.7,2642.0,1505.0,1137.0,No,1008,89.79,0.04,0.17,North,191.0
25.2,2065.0,1275.0,790.0,No,1063,7.75,1.64,0.65,North,191.0
22.8,2580.0,1598.0,982.0,No,1016,3.9,0.96,0.09,East,253.0
36.7,2561.0,1448.0,1113.0,Yes,986,124.51,1.42,0.55,West,270.0
39.7,2561.0,1459.0,1102.0,Yes,1021,1.99,1.66,0.85,North,293.0
30.5,2603.0,1555.0,1048.0,No,1046,7.55,0.76,1.81,South,319.0
23.4,2676.0,1536.0,1140.0,No,1047,8.85,0.71,1.53,West,143.0
25.4,2805.0,1631.0,1174.0,Yes,1057,28.37,2.65,0.27,South,339.0
20.4,2270.0,1313.0,957.0,No,996,10.6,4.109999999999999,0.22,East,261.0
38.3,2825.0,1549.0,1276.0,No,1037,4.5,0.44,0.9400000000000001,South,337.0
22.4,2498.0,1448.0,1050.0,No,1017,2.86,0.22,0.84,West,152.0
31.5,2077.0,1162.0,915.0,Yes,1066,5.26,4.569999999999999,0.47000000000000003,East,384.0
25.5,2059.0,1161.0,898.0,Yes,1020,2.71,0.87,1.75,West,253.0
31.1,2334.0,1423.0,911.0,No,995,7.76,1.61,1.91,South,335.0
33.0,2785.0,1558.0,1227.0,Yes,1023,4.21,0.9,0.65,West,244.0
36.6,2708.0,1615.0,1093.0,No,1031,1.67,0.28,1.71,East,311.0
24.1,2789.0,1609.0,1180.0,No,1056,25.930000000000003,1.79,0.63,South,270.0
20.2,2517.0,1446.0,1071.0,Yes,1046,4.5,1.5,1.22,South,345.0
22.7,2440.0,1454.0,986.0,No,1024,2.09,0.46,0.76,North,155.0
38.0,2147.0,1255.0,892.0,No,1022,6.25,1.21,0.27,North,248.0
37.5,2328.0,1375.0,953.0,Yes,1078,7.92,3.1999999999999997,1.92,West,298.0
31.9,2434.0,1459.0,975.0,No,1099,1.3,1.8,0.73,North,199.0
32.0,2089.0,1187.0,902.0,No,1037,10.299999999999999,0.21000000000000002,1.22,North,218.0
33.3,2221.0,1252.0,969.0,No,983,2.5999999999999996,1.6,0.6,North,217.0
23.5,2598.0,1455.0,1143.0,Yes,976,40.91,2.44,0.08,North,200.0
38.3,2736.0,1550.0,1186.0,No,1020,12.49,3.1599999999999997,0.23,East,316.0
28.4,2998.0,1896.0,1102.0,Yes,997,4.96,1.99,0.79,East,309.0
27.7,2933.0,1772.0,1161.0,No,1016,3.5199999999999996,0.34,1.12,North,149.0
30.4,2643.0,1468.0,1175.0,No,1045,6.66,2.4899999999999998,0.56,West,177.0
20.9,2421.0,1336.0,1085.0,No,1026,13.65,2.2699999999999996,1.1300000000000001,East,261.0
23.3,2636.0,1556.0,1080.0,No,1004,7.21,0.060000000000000005,1.14,North,149.0
34.8,2786.0,1649.0,1137.0,Yes,979,5.96,1.07,1.15,East,351.0
21.7,2118.0,1248.0,870.0,Yes,991,7.84,0.8200000000000001,0.78,South,364.0
32.1,2410.0,1383.0,1027.0,No,1000,4.05,2.2199999999999998,1.83,East,301.0
24.9,2840.0,1648.0,1192.0,No,1053,5.25,0.5,0.78,East,244.0
27.8,2384.0,1397.0,987.0,No,1035,0.93,1.8,0.72,West,182.0
25.8,2572.0,1497.0,1075.0,No,969,19.57,4.8999999999999995,0.38,East,257.0
27.1,2588.0,1392.0,1196.0,No,1015,9.97,3.21,0.52,West,168.0
34.4,2184.0,1249.0,935.0,No,1042,3.42,5.1,0.13,South,365.0
25.9,2362.0,1325.0,1037.0,No,999,49.35,7.6899999999999995,1.01,North,168.0
31.3,2335.0,1360.0,975.0,No,1017,8.07,0.03,0.44,West,202.0
29.5,2026.0,1315.0,711.0,Yes,1010,2.63,1.96,0.52,East,368.0
33.3,2024.0,1183.0,841.0,Yes,1042,17.41,1.07,1.3,East,397.0
38.7,2832.0,1634.0,1198.0,Yes,986,11.01,3.94,0.55,West,266.0
34.7,2273.0,1360.0,913.0,No,1054,10.97,0.59,0.44,South,351.0
24.3,2518.0,1485.0,1033.0,No,948,4.84,7.9399999999999995,0.33,North,154.0
20.6,2299.0,1350.0,949.0,No,1007,11.6,1.91,1.32,East,268.0
25.2,2941.0,1745.0,1196.0,Yes,1052,5.7,3.17,0.28,South,329.0
31.9,2259.0,1408.0,851.0,No,1016,12.89,0.19,0.73,North,210.0
21.0,2430.0,1351.0,1079.0,Yes,1016,1.11,0.42,0.8,North,216.0
29.9,2873.0,1697.0,1176.0,No,1023,4.8,2.8499999999999996,1.12,East,267.0
31.9,2842.0,1609.0,1233.0,Yes,1076,41.36,0.05,1.01,West,236.0
26.7,2186.0,1289.0,897.0,Yes,1088,3.44,3.4099999999999997,1.41,East,352.0
35.4,2803.0,1586.0,1217.0,Yes,1054,4.05,0.04,0.14,East,355.0
22.1,2458.0,1404.0,1054.0,No,1056,4.7299999999999995,2.15,0.51,East,252.0
21.5,2483.0,1425.0,1058.0,Yes,1005,2.1999999999999997,0.92,0.49,South,340.0
34.6,2133.0,1279.0,854.0,No,952,0.8200000000000001,1.9,0.3,West,230.0
29.9,2081.0,1245.0,836.0,No,1028,5.88,2.3899999999999997,0.5,South,343.0
33.8,2728.0,1525.0,1203.0,No,1038,8.47,0.85,0.53,East,294.0
28.7,2496.0,1450.0,1046.0,No,1109,7.02,0.24000000000000002,0.83,West,185.0
24.9,2437.0,1377.0,1060.0,No,986,6.3999999999999995,0.15000000000000002,1.07,North,164.0
36.4,2730.0,1525.0,1205.0,Yes,1031,7.72,1.79,0.62,West,262.0
36.0,2766.0,1599.0,1167.0,No,1040,20.560000000000002,1.48,1.18,East,300.0
33.9,2159.0,1230.0,929.0,No,1021,6.12,2.7199999999999998,0.56,West,226.0
25.4,2610.0,1637.0,973.0,No,966,4.17,1.44,0.5,North,154.0
31.8,2135.0,1253.0,882.0,No,1025,5.59,1.11,0.86,North,218.0
27.2,2751.0,1532.0,1219.0,No,1024,13.2,1.03,0.09,West,157.0
21.8,2657.0,1516.0,1141.0,Yes,1039,30.34,0.060000000000000005,0.2,North,202.0
38.3,2957.0,1775.0,1182.0,Yes,1067,3.9499999999999997,0.83,0.67,South,402.0
22.7,2069.0,1296.0,773.0,No,1027,8.17,7.47,2.03,West,180.0
39.0,2057.0,1105.0,952.0,Yes,1037,10.37,4.1499999999999995,1.19,North,320.0
28.9,2282.0,1225.0,1057.0,Yes,1056,2.75,0.81,0.21000000000000002,North,255.0
